id, user_agent, times_seen, simple_software_string, simple_sub_description_string, simple_operating_platform_string, software, software_name, software_name_code, software_version, software_version_full, operating_system, operating_system_name, operating_system_name_code, operating_system_version, operating_system_version_full, operating_system_flavour, operating_system_flavour_code, operating_system_frameworks, operating_platform, operating_platform_code, operating_platform_vendor_name, software_type, software_sub_type, software_type_specific, hardware_type, hardware_sub_type, hardware_sub_sub_type, hardware_type_specific, layout_engine_name, layout_engine_version, extra_info, extra_info_dict, capabilities, detected_addons, first_seen_at, last_seen_at
1,"Mozilla/5.0 (Macintosh; Intel Mac OS X 10_10_4) AppleWebKit/537.36 (KHTML, like Gecko) Chrome/44.0.2403.155 Safari/537.36",276,Chrome 44 on Mac OS X (Yosemite),,,Chrome 44,Chrome,chrome,44,44.0.2403.155,Mac OS X (Yosemite),Mac OS X,mac-os-x,Yosemite,10.10.4,,,[],,,,browser,web-browser,,computer,,,,Blink,[],{},{},[],[],2015-08-13 21:03:38.000000,2018-01-22 17:01:29.159081
2,"Mozilla/5.0 (Macintosh; Intel Mac OS X 10_10_4) AppleWebKit/600.7.12 (KHTML, like Gecko) Version/8.0.7 Safari/600.7.12",11671,Safari 8 on Mac OS X (Yosemite),,,Safari 8,Safari,safari,8,8.0.7,Mac OS X (Yosemite),Mac OS X,mac-os-x,Yosemite,10.10.4,,,[],,,,browser,web-browser,,computer,,,,WebKit,"[u'600', u'7', u'12']",{},{},[],[],2015-07-01 13:54:15.000000,2018-12-14 17:00:42.424734
5,"Mozilla/5.0 (X11; Linux x86_64) AppleWebKit/537.36 (KHTML, like Gecko) Chrome/42.0.2311.135 Safari/537.36",22277,Chrome 42 on Linux,,,Chrome 42,Chrome,chrome,42,42.0.2311.135,Linux,Linux,linux,,,,,[],,,,browser,web-browser,,computer,,,,Blink,[],"{""20"": [""X11 Window System""]}","{""Hardware Architecture"": ""x64""}",[],[],2015-04-30 11:37:10.000000,2018-12-16 18:00:31.048394
6,"Mozilla/5.0 (Macintosh; Intel Mac OS X 10_10_5) AppleWebKit/600.8.9 (KHTML, like Gecko) Version/8.0.8 Safari/600.8.9",20178,Safari 8 on Mac OS X (Yosemite),,,Safari 8,Safari,safari,8,8.0.8,Mac OS X (Yosemite),Mac OS X,mac-os-x,Yosemite,10.10.5,,,[],,,,browser,web-browser,,computer,,,,WebKit,"[u'600', u'8', u'9']",{},{},[],[],2015-08-15 06:30:23.000000,2018-12-15 03:00:04.536709
7,"Mozilla/5.0 (iPhone; CPU iPhone OS 8_2 like Mac OS X) AppleWebKit/600.1.4 (KHTML, like Gecko) CriOS/44.0.2403.67 Mobile/12D508 Safari/600.1.4",6,Chrome 44 on iOS 8.2,,Apple iPhone,Chrome 44,Chrome,chrome,44,44.0.2403.67,iOS 8.2,iOS,ios,8.2,8.2,,,[],iPhone,,Apple,browser,web-browser,,mobile,phone,,,WebKit,"[u'600', u'1', u'4']",{},"{""Mobile Build"": ""12D508""}",[],[],2016-03-13 12:03:26.000000,2018-03-04 06:16:04.780224
8,"Mozilla/5.0 (Windows NT 6.1; WOW64) AppleWebKit/537.36 (KHTML, like Gecko) Chrome/44.0.2403.155 Safari/537.36",3151,Chrome 44 on Windows 7,,,Chrome 44,Chrome,chrome,44,44.0.2403.155,Windows 7,Windows,windows,7,NT 6.1,,,[],,,,browser,web-browser,,computer,,,,Blink,[],"{""20"": [""Possibly running on Windows Server 2008 R2"", ""32 bit compatibility layer""]}",{},[],[],2015-08-12 13:20:40.000000,2018-12-05 13:08:07.170847
9,Mozilla/5.0 (Windows NT 6.1; rv:38.0) Gecko/20100101 Firefox/38.0,20640,Firefox 38 on Windows 7,,,Firefox 38,Firefox,firefox,38,38.0,Windows 7,Windows,windows,7,NT 6.1,,,[],,,,browser,web-browser,,computer,,,,Gecko,[u'20100101'],"{""20"": [""Possibly running on Windows Server 2008 R2""]}",{},[],[],2015-05-03 08:53:39.000000,2018-12-16 11:00:03.036957
10,"Mozilla/5.0 (Windows NT 6.3; Win64; x64) AppleWebKit/537.36 (KHTML, like Gecko) Chrome/37.0.2049.0 Safari/537.36",3177,Chrome 37 on Windows 8.1,,,Chrome 37,Chrome,chrome,37,37.0.2049.0,Windows 8.1,Windows,windows,8.1,NT 6.3,,,[],,,,browser,web-browser,,computer,,,,Blink,[],"{""20"": [""64-bit Edition""]}","{""Hardware Architecture"": ""64-bit processor (AMD)""}",[],[],2014-09-21 21:03:42.000000,2018-12-17 04:00:38.078877
11,"Mozilla/5.0 (Windows NT 10.0) AppleWebKit/537.36 (KHTML, like Gecko) Chrome/42.0.2311.135 Safari/537.36 Edge/12.10240",2819,Edge 20 on Windows 10,,,Edge 20,Edge,edge,20,20.10240,Windows 10,Windows,windows,10,NT 10.0,,,[],,,,browser,web-browser,,computer,,,,EdgeHTML,"[u'12', u'10240']",{},{},[],[],2015-08-01 16:28:04.000000,2018-12-16 07:00:26.261151
12,"Mozilla/5.0 (Windows NT 6.2; WOW64) AppleWebKit/537.36 (KHTML, like Gecko) Chrome/43.0.2357.65 Safari/537.36",7597,Chrome 43 on Windows 8,,,Chrome 43,Chrome,chrome,43,43.0.2357.65,Windows 8,Windows,windows,8,NT 6.2,,,[],,,,browser,web-browser,,computer,,,,Blink,[],"{""20"": [""32 bit compatibility layer""]}",{},[],[],2016-03-13 12:03:26.000000,2018-10-24 03:00:16.078641
13,"Mozilla/5.0 (X11; Linux x86_64) AppleWebKit/537.31 (KHTML, like Gecko) Chrome/42.0 Safari/537.31",16,Chrome 42 on Linux,,,Chrome 42,Chrome,chrome,42,42.0,Linux,Linux,linux,,,,,[],,,,browser,web-browser,,computer,,,,Blink,[],"{""20"": [""X11 Window System""]}","{""Hardware Architecture"": ""x64""}",[],[],2015-03-26 13:34:12.000000,2018-03-04 06:18:05.392166
14,Mozilla/5.0 (Windows NT 6.3; WOW64; rv:39.0) Gecko/20100101 Firefox/39.0,18154,Firefox 39 on Windows 8.1,,,Firefox 39,Firefox,firefox,39,39.0,Windows 8.1,Windows,windows,8.1,NT 6.3,,,[],,,,browser,web-browser,,computer,,,,Gecko,[u'20100101'],"{""20"": [""32 bit compatibility layer""]}",{},[],[],2015-07-03 11:01:56.000000,2018-12-13 00:00:47.594424
15,Mozilla/5.0 (compatible; MSIE 9.0; Windows NT 6.1; WOW64; Trident/5.0),152216,Internet Explorer 9 on Windows 7,,,Internet Explorer 9,Internet Explorer,internet-explorer,9,9,Windows 7,Windows,windows,7,NT 6.1,,,[],,,,browser,web-browser,,computer,,,,Trident,"[u'5', u'0']","{""20"": [""Possibly running on Windows Server 2008 R2"", ""32 bit compatibility layer""]}",{},[],[],2010-09-19 16:20:40.000000,2018-12-17 10:00:36.492451
16,"Mozilla/5.0 (Macintosh; Intel Mac OS X 10_6_8) AppleWebKit/534.59.10 (KHTML, like Gecko) Version/5.1.9 Safari/534.59.10",39965,Safari 5.1 on Mac OS X (Snow Leopard),,,Safari 5.1,Safari,safari,5.1,5.1.9,Mac OS X (Snow Leopard),Mac OS X,mac-os-x,Snow Leopard,10.6.8,,,[],,,,browser,web-browser,,computer,,,,WebKit,"[u'534', u'59', u'10']",{},{},[],[],2013-10-08 11:32:15.000000,2018-12-13 16:01:02.991163
17,Mozilla/5.0 (compatible; Yahoo! Slurp; http://help.yahoo.com/help/us/ysearch/slurp),1487070,Yahoo! Slurp Web Crawler Bot,,,Yahoo! Slurp Web Crawler Bot,Yahoo! Slurp Web Crawler Bot,yahoo-slurp-web-crawler-bot,,,,,,,,,,[],,,,bot,crawler,,server,,,,,[],{},{},[],[],2004-06-10 09:20:23.000000,2018-12-03 18:03:43.511011
18,Mozilla/5.0 (compatible; MSIE 10.0; Windows NT 6.1; WOW64; Trident/6.0),74133,Internet Explorer 10 on Windows 7,,,Internet Explorer 10,Internet Explorer,internet-explorer,10,10,Windows 7,Windows,windows,7,NT 6.1,,,[],,,,browser,web-browser,,computer,,,,Trident,"[u'6', u'0']","{""20"": [""Possibly running on Windows Server 2008 R2"", ""32 bit compatibility layer""]}",{},[],[],2013-03-20 20:18:25.000000,2018-12-17 10:00:05.916315
19,"Mozilla/5.0 (Windows NT 6.1) AppleWebKit/537.36 (KHTML, like Gecko) coc_coc_browser/50.0.125 Chrome/44.0.2403.125 Safari/537.36",72,Chrome 44 on Windows 7,,,Chrome 44,Chrome,chrome,44,44.0.2403.125,Windows 7,Windows,windows,7,NT 6.1,,,[],,,,browser,web-browser,,computer,,,,Blink,[],"{""20"": [""Possibly running on Windows Server 2008 R2""]}",{},[],[],2016-03-13 12:03:26.000000,2018-03-04 06:19:05.678970
20,Mozilla/4.0 (compatible; MSIE 7.0; Windows NT 6.1; Trident/7.0; SLCC2; .NET CLR 2.0.50727; .NET CLR 3.5.30729; .NET CLR 3.0.30729; Media Center PC 6.0; .NET4.0C; .NET4.0E),1186,Internet Explorer 11 on Windows 7,Internet Explorer 7 Compatibility View,,Internet Explorer 11,Internet Explorer,internet-explorer,11,11,Windows 7,Windows,windows,7,NT 6.1,,,"[{""code"": ""microsoft-dotnet"", ""name"": ""Microsoft .Net"", ""versions"": [{""simple"": ""4.0"", ""full"": [""4"", ""0C""]}, {""simple"": ""4.0"", ""full"": [""4"", ""0E""]}, {""simple"": ""2.0"", ""full"": [""2"", ""0"", ""50727""]}, {""simple"": ""3.5"", ""full"": [""3"", ""5"", ""30729""]}, {""simple"": ""3.0"", ""full"": [""3"", ""0"", ""30729""]}]}]",,,,browser,web-browser,,computer,,,,Trident,"[u'7', u'0']","{""10"": [""Internet Explorer 7 Compatibility View""], ""20"": [""Media Center PC v6.0""]}",{},[],"[""Microsoft Windows Security Licensing v2.0""]",2014-04-08 20:34:50.000000,2018-12-03 16:55:36.890164
21,Mozilla/5.0 (Windows NT 6.1; WOW64; rv:40.0) Gecko/20100101 Firefox/40.0,35503,Firefox 40 on Windows 7,,,Firefox 40,Firefox,firefox,40,40.0,Windows 7,Windows,windows,7,NT 6.1,,,[],,,,browser,web-browser,,computer,,,,Gecko,[u'20100101'],"{""20"": [""Possibly running on Windows Server 2008 R2"", ""32 bit compatibility layer""]}",{},[],[],2015-06-12 08:11:33.000000,2018-12-12 22:00:56.863464
22,"Mozilla/5.0 (Windows NT 10.0; WOW64) AppleWebKit/537.36 (KHTML, like Gecko) Chrome/39.0.2171.71 Safari/537.36 Edge/12.0",2591,Edge on Windows 10,,,Edge,Edge,edge,,,Windows 10,Windows,windows,10,NT 10.0,,,[],,,,browser,web-browser,,computer,,,,EdgeHTML,"[u'12', u'0']","{""20"": [""32 bit compatibility layer""]}",{},[],[],2015-03-22 07:01:55.000000,2018-11-21 18:10:43.154197
23,Mozilla/5.0 (Windows NT 6.3; WOW64; rv:36.0) Gecko/20100101 Firefox/36.0,25167,Firefox 36 on Windows 8.1,,,Firefox 36,Firefox,firefox,36,36.0,Windows 8.1,Windows,windows,8.1,NT 6.3,,,[],,,,browser,web-browser,,computer,,,,Gecko,[u'20100101'],"{""20"": [""32 bit compatibility layer""]}",{},[],[],2015-02-16 15:14:51.000000,2018-12-14 20:01:11.074879
24,Mozilla/4.0 (compatible; MSIE 8.0; Windows NT 6.1; WOW64; Trident/4.0; GTB7.5; SLCC2; .NET CLR 2.0.50727; .NET CLR 3.5.30729; .NET CLR 3.0.30729; Media Center PC 6.0; .NET4.0C),499,Internet Explorer 8 on Windows 7,,,Internet Explorer 8,Internet Explorer,internet-explorer,8,8,Windows 7,Windows,windows,7,NT 6.1,,,"[{""code"": ""microsoft-dotnet"", ""name"": ""Microsoft .Net"", ""versions"": [{""simple"": ""4.0"", ""full"": [""4"", ""0C""]}, {""simple"": ""2.0"", ""full"": [""2"", ""0"", ""50727""]}, {""simple"": ""3.5"", ""full"": [""3"", ""5"", ""30729""]}, {""simple"": ""3.0"", ""full"": [""3"", ""0"", ""30729""]}]}]",,,,browser,web-browser,,computer,,,,Trident,"[u'4', u'0']","{""20"": [""32 bit compatibility layer"", ""Media Center PC v6.0""]}",{},[],"[""Google Toolbar v7.5"", ""Microsoft Windows Security Licensing v2.0""]",2015-03-25 03:57:47.000000,2018-12-09 15:05:16.154918
25,"Mozilla/5.0 (Windows NT 10.0; Win64; x64) AppleWebKit/537.36 (KHTML, like Gecko) Chrome/42.0.2311.135 Safari/537.36 Edge/12.10240",42983,Edge 20 on Windows 10,,,Edge 20,Edge,edge,20,20.10240,Windows 10,Windows,windows,10,NT 10.0,,,[],,,,browser,web-browser,,computer,,,,EdgeHTML,"[u'12', u'10240']","{""20"": [""64-bit Edition""]}","{""Hardware Architecture"": ""64-bit processor (AMD)""}",[],[],2015-08-09 12:43:37.000000,2018-12-16 23:00:31.465692
26,Mozilla/5.0 (Windows NT 6.3; WOW64; Trident/7.0; rv:11.0) like Gecko,146827,Internet Explorer 11 on Windows 8.1,,,Internet Explorer 11,Internet Explorer,internet-explorer,11,11,Windows 8.1,Windows,windows,8.1,NT 6.3,,,[],,,,browser,web-browser,,computer,,,,Trident,"[u'7', u'0']","{""20"": [""32 bit compatibility layer""]}",{},[],[],2013-11-02 15:13:17.000000,2018-12-17 11:00:43.167845
27,Mozilla/5.0 (compatible; MSIE 10.0; Windows NT 6.1; Trident/6.0) LinkCheck by Siteimprove.com,7955,LinkCheck Analyser,,,LinkCheck Analyser,LinkCheck Analyser,linkcheck-analyser,10,,,Windows,,7,,,,[],,,,bot,analyser,,server,,,,Trident,[],{},{},[],[],2015-03-22 17:06:57.000000,2018-12-17 08:00:14.660166
28,"Mozilla/5.0 (Windows NT 6.3; WOW64) AppleWebKit/537.36 (KHTML, like Gecko) Chrome/43.0.2357.65 Safari/537.36",11385,Chrome 43 on Windows 8.1,,,Chrome 43,Chrome,chrome,43,43.0.2357.65,Windows 8.1,Windows,windows,8.1,NT 6.3,,,[],,,,browser,web-browser,,computer,,,,Blink,[],"{""20"": [""32 bit compatibility layer""]}",{},[],[],2015-05-22 09:14:25.000000,2018-10-16 18:02:19.614392
29,Mozilla/5.0 (Windows NT 6.3; Win64; x64; Trident/7.0; rv:11.0) like Gecko,10695,Internet Explorer 11 on Windows 8.1,,,Internet Explorer 11,Internet Explorer,internet-explorer,11,11,Windows 8.1,Windows,windows,8.1,NT 6.3,,,[],,,,browser,web-browser,,computer,,,,Trident,"[u'7', u'0']","{""20"": [""64-bit Edition""]}","{""Hardware Architecture"": ""64-bit processor (AMD)""}",[],[],2014-01-22 22:45:39.000000,2018-12-16 01:00:47.324046
30,"Mozilla/5.0 (iPhone; CPU iPhone OS 8_4 like Mac OS X) AppleWebKit/600.1.4 (KHTML, like Gecko) Version/8.0 Mobile/12H143 Safari/600.1.4",11444,Safari 8 on iOS 8.4,,Apple iPhone,Safari 8,Safari,safari,8,8.0,iOS 8.4,iOS,ios,8.4,8.4,,,[],iPhone,,Apple,browser,web-browser,,mobile,phone,,,WebKit,"[u'600', u'1', u'4']",{},"{""Mobile Build"": ""12H143""}",[],[],2015-07-03 17:37:53.000000,2018-12-15 17:00:06.014461
31,"Mozilla/5.0 (Windows NT 6.3; WOW64) AppleWebKit/537.36 (KHTML, like Gecko) Chrome/44.0.2403.157 Safari/537.36",3894,Chrome 44 on Windows 8.1,,,Chrome 44,Chrome,chrome,44,44.0.2403.157,Windows 8.1,Windows,windows,8.1,NT 6.3,,,[],,,,browser,web-browser,,computer,,,,Blink,[],"{""20"": [""32 bit compatibility layer""]}",{},[],[],2015-08-21 21:21:03.000000,2018-09-23 06:01:21.369528
32,Mozilla/5.0 (Windows NT 6.1; WOW64; rv:39.0) Gecko/20100101 Firefox/39.0,48115,Firefox 39 on Windows 7,,,Firefox 39,Firefox,firefox,39,39.0,Windows 7,Windows,windows,7,NT 6.1,,,[],,,,browser,web-browser,,computer,,,,Gecko,[u'20100101'],"{""20"": [""Possibly running on Windows Server 2008 R2"", ""32 bit compatibility layer""]}",{},[],[],2015-06-16 22:41:15.000000,2018-12-15 22:00:26.694777
33,Mozilla/5.0 (Windows NT 6.2; WOW64; Trident/7.0; rv:11.0) like Gecko,101614,Internet Explorer 11 on Windows 8,,,Internet Explorer 11,Internet Explorer,internet-explorer,11,11,Windows 8,Windows,windows,8,NT 6.2,,,[],,,,browser,web-browser,,computer,,,,Trident,"[u'7', u'0']","{""20"": [""32 bit compatibility layer""]}",{},[],[],2015-03-22 07:08:58.000000,2018-12-17 10:00:04.092634
34,"Mozilla/5.0 (Windows NT 6.3; WOW64) AppleWebKit/537.36 (KHTML, like Gecko) Chrome/44.0.2403.155 Safari/537.36",1011,Chrome 44 on Windows 8.1,,,Chrome 44,Chrome,chrome,44,44.0.2403.155,Windows 8.1,Windows,windows,8.1,NT 6.3,,,[],,,,browser,web-browser,,computer,,,,Blink,[],"{""20"": [""32 bit compatibility layer""]}",{},[],[],2015-08-13 11:35:40.000000,2018-11-20 21:56:04.000000
35,"Mozilla/5.0 (Windows NT 6.0) AppleWebKit/537.36 (KHTML, like Gecko) Chrome/44.0.2403.155 Safari/537.36",869,Chrome 44 on Windows Vista,,,Chrome 44,Chrome,chrome,44,44.0.2403.155,Windows Vista,Windows,windows,Vista,NT 6.0,,,[],,,,browser,web-browser,,computer,,,,Blink,[],"{""20"": [""Possibly running on Windows Server 2008""]}",{},[],[],2015-08-13 21:40:33.000000,2017-09-28 02:44:38.787490
36,"Mozilla/5.0 (BB10; Touch) AppleWebKit/537.35+ (KHTML, like Gecko) Version/10.3.2.2339 Mobile Safari/537.35+",19,Blackberry Browser on BlackBerry Z Series,,,Blackberry Browser,Blackberry Browser,blackberry-browser,,,,,,,,,,[],BlackBerry Z Series,,BlackBerry,browser,web-browser,,mobile,phone,,,WebKit,"[u'537', u'35']",{},{},"[""Touch capability""]",[],2016-03-13 12:03:27.000000,2018-03-04 06:20:05.299584
37,"Mozilla/5.0 (Windows NT 6.0; WOW64) AppleWebKit/537.36 (KHTML, like Gecko) Chrome/43.0.2357.65 Safari/537.36",5597,Chrome 43 on Windows Vista,,,Chrome 43,Chrome,chrome,43,43.0.2357.65,Windows Vista,Windows,windows,Vista,NT 6.0,,,[],,,,browser,web-browser,,computer,,,,Blink,[],"{""20"": [""Possibly running on Windows Server 2008"", ""32 bit compatibility layer""]}",{},[],[],2016-03-13 12:03:27.000000,2018-01-09 21:01:32.465252
38,Mozilla/5.0 (Windows NT 6.1; WOW64; Trident/7.0; rv:11.0) like Gecko,810763,Internet Explorer 11 on Windows 7,,,Internet Explorer 11,Internet Explorer,internet-explorer,11,11,Windows 7,Windows,windows,7,NT 6.1,,,[],,,,browser,web-browser,,computer,,,,Trident,"[u'7', u'0']","{""20"": [""Possibly running on Windows Server 2008 R2"", ""32 bit compatibility layer""]}",{},[],[],2013-11-13 22:09:16.000000,2018-12-17 11:00:02.651624
39,Mozilla/5.0 (Windows NT 10.0; WOW64; rv:40.0) Gecko/20100101 Firefox/40.0,9486,Firefox 40 on Windows 10,,,Firefox 40,Firefox,firefox,40,40.0,Windows 10,Windows,windows,10,NT 10.0,,,[],,,,browser,web-browser,,computer,,,,Gecko,[u'20100101'],"{""20"": [""32 bit compatibility layer""]}",{},[],[],2015-08-14 10:26:34.000000,2018-12-07 21:05:31.193005
40,Mozilla/5.0 (Macintosh; Intel Mac OS X 10.10; rv:40.0) Gecko/20100101 Firefox/40.0,4887,Firefox 40 on Mac OS X (Yosemite),,,Firefox 40,Firefox,firefox,40,40.0,Mac OS X (Yosemite),Mac OS X,mac-os-x,Yosemite,10.10,,,[],,,,browser,web-browser,,computer,,,,Gecko,[u'20100101'],{},{},[],[],2015-07-24 12:22:15.000000,2018-11-26 19:10:37.400542
41,"Mozilla/5.0 (Mobile; Windows Phone 8.1; Android 4.0; ARM; Trident/7.0; Touch; rv:11.0; IEMobile/11.0; NOKIA; Lumia 525) like iPhone OS 7_0_3 Mac OS X AppleWebKit/537 (KHTML, like Gecko) Mobile Safari/537",109,Internet Explorer Mobile 11 on Windows Phone 8.1,,Nokia Lumia 525,Internet Explorer Mobile 11,Internet Explorer Mobile,internet-explorer-mobile,11,11.0,Windows Phone 8.1,Windows Phone,windows-phone,8.1,8.1,,,[],Lumia 525,525,Nokia,browser,web-browser,,mobile,phone,,,Trident,"[u'7', u'0']",{},"{""Hardware Architecture"": ""ARM""}","[""Touch capability""]",[],2016-03-13 12:03:27.000000,2018-09-07 07:02:15.215367
42,"Mozilla/5.0 (Windows NT 6.3; WOW64) AppleWebKit/537.36 (KHTML, like Gecko) Chrome/44.0.2403.107 Safari/537.36",600,Chrome 44 on Windows 8.1,,,Chrome 44,Chrome,chrome,44,44.0.2403.107,Windows 8.1,Windows,windows,8.1,NT 6.3,,,[],,,,browser,web-browser,,computer,,,,Blink,[],"{""20"": [""32 bit compatibility layer""]}",{},[],[],2015-07-26 23:04:49.000000,2018-12-04 05:06:08.201137
43,Mozilla/5.0 (Macintosh; Intel Mac OS X 10.10; rv:37.0) Gecko/20100101 Firefox/37.0,1313,Firefox 37 on Mac OS X (Yosemite),,,Firefox 37,Firefox,firefox,37,37.0,Mac OS X (Yosemite),Mac OS X,mac-os-x,Yosemite,10.10,,,[],,,,browser,web-browser,,computer,,,,Gecko,[u'20100101'],{},{},[],[],2015-03-24 01:30:55.000000,2018-10-16 15:00:40.518636
44,Mozilla/5.0 (Windows NT 5.1; WOW64; Trident/7.0; rv:11.0) like Gecko,8073,Internet Explorer 11 on Windows XP,,,Internet Explorer 11,Internet Explorer,internet-explorer,11,11,Windows XP,Windows,windows,XP,NT 5.1,,,[],,,,browser,web-browser,,computer,,,,Trident,"[u'7', u'0']","{""20"": [""32 bit compatibility layer""]}",{},[],[],2015-03-22 06:34:29.000000,2018-11-24 17:15:37.000000
45,"Mozilla/5.0 (X11; Linux x86_64) AppleWebKit/537.36 (KHTML, like Gecko) Ubuntu Chromium/44.0.2403.89 Chrome/44.0.2403.89 Safari/537.36",601,Chromium 44 on Ubuntu Linux,,,Chromium 44,Chromium,chromium,44,44.0.2403.89,Ubuntu Linux,Linux,linux,,,Ubuntu,ubuntu,[],,,,browser,web-browser,,computer,,,,WebKit,"[u'537', u'36']","{""20"": [""X11 Window System""]}","{""Hardware Architecture"": ""x64""}",[],[],2015-09-01 16:07:05.000000,2018-03-04 06:20:06.394119
46,"Mozilla/5.0 (iPad; CPU OS 8_4 like Mac OS X) AppleWebKit/600.1.4 (KHTML, like Gecko) Version/8.0 Mobile/12H143 Safari/600.1.4",14813,Safari 8 on iOS 8.4,,Apple iPad,Safari 8,Safari,safari,8,8.0,iOS 8.4,iOS,ios,8.4,8.4,,,[],iPad,,Apple,browser,web-browser,,mobile,tablet,,,WebKit,"[u'600', u'1', u'4']",{},"{""Mobile Build"": ""12H143""}",[],[],2015-07-01 20:31:55.000000,2018-12-07 12:05:28.278503
47,"Mozilla/5.0 (Macintosh; Intel Mac OS X 10_10) AppleWebKit/600.1.25 (KHTML, like Gecko) QuickLook/5.0",135,Webkit based browser on Mac OS X (Yosemite),,,Webkit based browser,Webkit based browser,webkit-based-browser,,,Mac OS X (Yosemite),Mac OS X,mac-os-x,Yosemite,10.10,,,[],,,,browser,web-browser,,computer,,,,WebKit,"[u'600', u'1', u'25']",{},{},[],[],2015-11-30 04:35:32.000000,2018-03-04 06:20:06.646423
48,Mozilla/5.0 (X11; Ubuntu; Linux x86_64; rv:40.0) Gecko/20100101 Firefox/40.0,1816,Firefox 40 on Ubuntu Linux,,,Firefox 40,Firefox,firefox,40,40.0,Ubuntu Linux,Linux,linux,,,Ubuntu,ubuntu,[],,,,browser,web-browser,,computer,,,,Gecko,[u'20100101'],"{""20"": [""X11 Window System""]}","{""Hardware Architecture"": ""x64""}",[],[],2015-08-16 21:52:05.000000,2018-12-02 15:05:35.303671
49,Mozilla/5.0 (Windows NT 6.3; WOW64; Trident/7.0; MATBJS; rv:11.0) like Gecko,1435,Internet Explorer 11 on Windows 8.1,,Toshiba,Internet Explorer 11,Internet Explorer,internet-explorer,11,11,Windows 8.1,Windows,windows,8.1,NT 6.3,,,[],,,Toshiba,browser,web-browser,,computer,,,,Trident,"[u'7', u'0']","{""20"": [""32 bit compatibility layer""]}",{},[],[],2015-01-31 09:11:31.000000,2018-12-14 19:01:00.523967
50,"Mozilla/5.0 (Windows NT 6.0; WOW64) AppleWebKit/537.36 (KHTML, like Gecko) Chrome/44.0.2403.155 Safari/537.36",72,Chrome 44 on Windows Vista,,,Chrome 44,Chrome,chrome,44,44.0.2403.155,Windows Vista,Windows,windows,Vista,NT 6.0,,,[],,,,browser,web-browser,,computer,,,,Blink,[],"{""20"": [""Possibly running on Windows Server 2008"", ""32 bit compatibility layer""]}",{},[],[],2015-08-14 13:17:09.000000,2018-04-07 12:01:12.670578
51,Mozilla/5.0 (Windows NT 10.0; Trident/7.0; rv:11.0) like Gecko,8585,Internet Explorer 11 on Windows 10,,,Internet Explorer 11,Internet Explorer,internet-explorer,11,11,Windows 10,Windows,windows,10,NT 10.0,,,[],,,,browser,web-browser,,computer,,,,Trident,"[u'7', u'0']",{},{},[],[],2015-08-29 15:46:37.000000,2018-12-15 00:00:16.624459
52,Mozilla/4.0 (compatible; MSIE 6.0; Windows NT 5.1; SV1; .NET CLR 2.0.50727; .NET CLR 3.0.4506.2152; .NET CLR 3.5.30729),5434,Internet Explorer 6 on Windows XP SP2,,,Internet Explorer 6,Internet Explorer,internet-explorer,6,6.0,Windows XP SP2,Windows,windows,XP SP2,NT 5.1,,,"[{""code"": ""microsoft-dotnet"", ""name"": ""Microsoft .Net"", ""versions"": [{""simple"": ""2.0"", ""full"": [""2"", ""0"", ""50727""]}, {""simple"": ""3.0"", ""full"": [""3"", ""0"", ""4506"", ""2152""]}, {""simple"": ""3.5"", ""full"": [""3"", ""5"", ""30729""]}]}]",,,,browser,web-browser,,computer,,,,Trident,[],{},{},[],[],2008-09-15 15:53:43.000000,2018-12-04 05:18:46.507823
53,Mozilla/5.0 (Windows NT 6.0; WOW64; rv:35.0) Gecko/20100101 Firefox/35.0,397,Firefox 35 on Windows Vista,,,Firefox 35,Firefox,firefox,35,35.0,Windows Vista,Windows,windows,Vista,NT 6.0,,,[],,,,browser,web-browser,,computer,,,,Gecko,[u'20100101'],"{""20"": [""Possibly running on Windows Server 2008"", ""32 bit compatibility layer""]}",{},[],[],2015-01-26 14:17:07.000000,2018-01-30 00:00:13.018122
54,"Mozilla/5.0 (Linux; U; Android 4.3; en-us; ZTE-Z667G Build/JLS36C) AppleWebKit/534.30 (KHTML, like Gecko) Version/4.0 Mobile Safari/534.30",280,Android Browser 4 on Android (Jelly Bean),,ZTE Z667G,Android Browser 4,Android Browser,android-browser,4,4.0,Android (Jelly Bean),Android,android,Jelly Bean,4.3,,,[],ZTE Z667G,Z667G,ZTE,browser,web-browser,,mobile,,,,WebKit,"[u'534', u'30']",{},"{""System Build"": ""JLS36C""}",[],[],2015-03-22 11:43:47.000000,2018-09-01 00:01:43.844837
55,"Mozilla/5.0 (Windows NT 6.1; WOW64) AppleWebKit/537.36 (KHTML, like Gecko) Chrome/44.0.2403.157 Safari/537.36",8810,Chrome 44 on Windows 7,,,Chrome 44,Chrome,chrome,44,44.0.2403.157,Windows 7,Windows,windows,7,NT 6.1,,,[],,,,browser,web-browser,,computer,,,,Blink,[],"{""20"": [""Possibly running on Windows Server 2008 R2"", ""32 bit compatibility layer""]}",{},[],[],2015-08-23 11:02:48.000000,2018-12-02 14:04:18.128643
56,Mozilla/5.0 (Windows NT 6.3; WOW64; Trident/7.0; Touch; ASU2JS; rv:11.0) like Gecko,1406,Internet Explorer 11 on Windows 8.1,,Asus,Internet Explorer 11,Internet Explorer,internet-explorer,11,11,Windows 8.1,Windows,windows,8.1,NT 6.3,,,[],,,Asus,browser,web-browser,,computer,,,,Trident,"[u'7', u'0']","{""20"": [""32 bit compatibility layer""]}",{},"[""Touch capability""]",[],2014-02-03 21:35:16.000000,2018-12-16 15:00:09.844595
57,Mozilla/5.0 (Windows NT 6.1; WOW64; rv:38.0) Gecko/20100101 Firefox/38.0,48694,Firefox 38 on Windows 7,,,Firefox 38,Firefox,firefox,38,38.0,Windows 7,Windows,windows,7,NT 6.1,,,[],,,,browser,web-browser,,computer,,,,Gecko,[u'20100101'],"{""20"": [""Possibly running on Windows Server 2008 R2"", ""32 bit compatibility layer""]}",{},[],[],2015-03-22 12:45:09.000000,2018-12-15 05:00:26.005350
58,Mozilla/5.0 (Windows NT 6.0; WOW64; Trident/7.0; rv:11.0) like Gecko,7794,Internet Explorer 11 on Windows Vista,,,Internet Explorer 11,Internet Explorer,internet-explorer,11,11,Windows Vista,Windows,windows,Vista,NT 6.0,,,[],,,,browser,web-browser,,computer,,,,Trident,"[u'7', u'0']","{""20"": [""Possibly running on Windows Server 2008"", ""32 bit compatibility layer""]}",{},[],[],2015-03-22 06:57:53.000000,2018-02-01 09:01:08.191916
59,Mozilla/5.0 (Windows NT 10.0; WOW64; Trident/7.0; rv:11.0) like Gecko,176256,Internet Explorer 11 on Windows 10,,,Internet Explorer 11,Internet Explorer,internet-explorer,11,11,Windows 10,Windows,windows,10,NT 10.0,,,[],,,,browser,web-browser,,computer,,,,Trident,"[u'7', u'0']","{""20"": [""32 bit compatibility layer""]}",{},[],[],2015-08-26 21:34:58.000000,2018-12-17 11:00:05.143978
60,"Mozilla/5.0 (Windows NT 5.1; WOW64) AppleWebKit/537.36 (KHTML, like Gecko) Chrome/43.0.2357.65 Safari/537.36",5435,Chrome 43 on Windows XP,,,Chrome 43,Chrome,chrome,43,43.0.2357.65,Windows XP,Windows,windows,XP,NT 5.1,,,[],,,,browser,web-browser,,computer,,,,Blink,[],"{""20"": [""32 bit compatibility layer""]}",{},[],[],2016-03-13 12:03:27.000000,2016-03-14 12:31:03.000000
61,"Mozilla/5.0 (Windows NT 6.1; WOW64) AppleWebKit/537.36 (KHTML, like Gecko) Chrome/43.0.2357.65 Safari/537.36",32011,Chrome 43 on Windows 7,,,Chrome 43,Chrome,chrome,43,43.0.2357.65,Windows 7,Windows,windows,7,NT 6.1,,,[],,,,browser,web-browser,,computer,,,,Blink,[],"{""20"": [""Possibly running on Windows Server 2008 R2"", ""32 bit compatibility layer""]}",{},[],[],2015-05-21 11:10:44.000000,2018-12-17 00:00:21.436686
62,"Mozilla/5.0 (iPad; CPU OS 8_3 like Mac OS X) AppleWebKit/600.1.4 (KHTML, like Gecko) Version/8.0 Mobile/12F69 Safari/600.1.4",28848,Safari 8 on iOS 8.3,,Apple iPad,Safari 8,Safari,safari,8,8.0,iOS 8.3,iOS,ios,8.3,8.3,,,[],iPad,,Apple,browser,web-browser,,mobile,tablet,,,WebKit,"[u'600', u'1', u'4']",{},"{""Mobile Build"": ""12F69""}",[],[],2015-04-10 01:25:55.000000,2018-12-17 02:00:15.633150
63,Mozilla/5.0 (Windows NT 6.0; WOW64; rv:39.0) Gecko/20100101 Firefox/39.0,4340,Firefox 39 on Windows Vista,,,Firefox 39,Firefox,firefox,39,39.0,Windows Vista,Windows,windows,Vista,NT 6.0,,,[],,,,browser,web-browser,,computer,,,,Gecko,[u'20100101'],"{""20"": [""Possibly running on Windows Server 2008"", ""32 bit compatibility layer""]}",{},[],[],2015-08-02 12:49:48.000000,2018-09-12 13:00:20.626163
64,"Mozilla/5.0 (iPhone; CPU iPhone OS 8_4_1 like Mac OS X) AppleWebKit/600.1.4 (KHTML, like Gecko) Version/8.0 Mobile/12H321 Safari/600.1.4",11075,Safari 8 on iOS 8.4,,Apple iPhone,Safari 8,Safari,safari,8,8.0,iOS 8.4,iOS,ios,8.4,8.4.1,,,[],iPhone,,Apple,browser,web-browser,,mobile,phone,,,WebKit,"[u'600', u'1', u'4']",{},"{""Mobile Build"": ""12H321""}",[],[],2015-08-15 06:43:39.000000,2018-12-13 01:00:33.393721
65,Mozilla/5.0 (Windows NT 6.3; WOW64; Trident/7.0; TNJB; rv:11.0) like Gecko,3547,Internet Explorer 11 on Windows 8.1,,Toshiba,Internet Explorer 11,Internet Explorer,internet-explorer,11,11,Windows 8.1,Windows,windows,8.1,NT 6.3,,,[],,,Toshiba,browser,web-browser,,computer,,,,Trident,"[u'7', u'0']","{""20"": [""32 bit compatibility layer""]}",{},[],[],2015-03-22 06:39:21.000000,2018-12-16 20:00:47.770402
66,Mozilla/5.0 (Windows NT 6.1; WOW64; rv:41.0) Gecko/20100101 Firefox/41.0,84770,Firefox 41 on Windows 7,,,Firefox 41,Firefox,firefox,41,41.0,Windows 7,Windows,windows,7,NT 6.1,,,[],,,,browser,web-browser,,computer,,,,Gecko,[u'20100101'],"{""20"": [""Possibly running on Windows Server 2008 R2"", ""32 bit compatibility layer""]}",{},[],[],2015-09-23 15:55:44.000000,2018-12-17 07:00:22.318757
67,Mozilla/4.0 (compatible; MSIE 8.0; Windows NT 6.1; Trident/4.0; SLCC2; .NET CLR 2.0.50727; .NET CLR 3.5.30729; .NET CLR 3.0.30729; Media Center PC 6.0; .NET4.0C; .NET4.0E; InfoPath.2),897,Internet Explorer 8 on Windows 7,,,Internet Explorer 8,Internet Explorer,internet-explorer,8,8,Windows 7,Windows,windows,7,NT 6.1,,,"[{""code"": ""microsoft-dotnet"", ""name"": ""Microsoft .Net"", ""versions"": [{""simple"": ""4.0"", ""full"": [""4"", ""0C""]}, {""simple"": ""4.0"", ""full"": [""4"", ""0E""]}, {""simple"": ""2.0"", ""full"": [""2"", ""0"", ""50727""]}, {""simple"": ""3.5"", ""full"": [""3"", ""5"", ""30729""]}, {""simple"": ""3.0"", ""full"": [""3"", ""0"", ""30729""]}]}]",,,,browser,web-browser,,computer,,,,Trident,"[u'4', u'0']","{""20"": [""Media Center PC v6.0""]}",{},[],"[""InfoPath XML MIME Filter v2"", ""Microsoft Windows Security Licensing v2.0""]",2010-08-26 13:21:23.000000,2018-09-04 07:02:25.256075
68,Mozilla/5.0 (Windows NT 6.1; Trident/7.0; rv:11.0) like Gecko,224214,Internet Explorer 11 on Windows 7,,,Internet Explorer 11,Internet Explorer,internet-explorer,11,11,Windows 7,Windows,windows,7,NT 6.1,,,[],,,,browser,web-browser,,computer,,,,Trident,"[u'7', u'0']","{""20"": [""Possibly running on Windows Server 2008 R2""]}",{},[],[],2013-11-15 10:33:02.000000,2018-12-17 11:00:25.814726
69,"Mozilla/5.0 (iPad; CPU OS 7_1_2 like Mac OS X) AppleWebKit/537.51.2 (KHTML, like Gecko) Version/7.0 Mobile/11D257 Safari/9537.53",28185,Safari 7 on iOS 7.1,,Apple iPad,Safari 7,Safari,safari,7,7.0,iOS 7.1,iOS,ios,7.1,7.1.2,,,[],iPad,,Apple,browser,web-browser,,mobile,tablet,,,WebKit,"[u'537', u'51', u'2']",{},"{""Mobile Build"": ""11D257""}",[],[],2014-08-06 16:57:26.000000,2018-12-16 07:00:25.307926
70,"Mozilla/5.0 (Windows NT 6.1) AppleWebKit/537.36 (KHTML, like Gecko) Chrome/44.0.2403.155 Safari/537.36",591,Chrome 44 on Windows 7,,,Chrome 44,Chrome,chrome,44,44.0.2403.155,Windows 7,Windows,windows,7,NT 6.1,,,[],,,,browser,web-browser,,computer,,,,Blink,[],"{""20"": [""Possibly running on Windows Server 2008 R2""]}",{},[],[],2015-08-16 19:43:03.000000,2018-11-13 20:02:20.942554
71,"Mozilla/5.0 (iPhone; CPU iPhone OS 8_3 like Mac OS X) AppleWebKit/600.1.4 (KHTML, like Gecko) Version/8.0 Mobile/12F70 Safari/600.1.4",25915,Safari 8 on iOS 8.3,,Apple iPhone,Safari 8,Safari,safari,8,8.0,iOS 8.3,iOS,ios,8.3,8.3,,,[],iPhone,,Apple,browser,web-browser,,mobile,phone,,,WebKit,"[u'600', u'1', u'4']",{},"{""Mobile Build"": ""12F70""}",[],[],2015-04-10 16:59:35.000000,2018-12-11 16:00:05.003564
72,"Mozilla/5.0 (Windows NT 6.1) AppleWebKit/537.36 (KHTML, like Gecko) coc_coc_browser/50.2.155 Chrome/44.2.2403.155 Safari/537.36",2,Chrome 44.2 on Windows 7,,,Chrome 44.2,Chrome,chrome,44.2,44.2.2403.155,Windows 7,Windows,windows,7,NT 6.1,,,[],,,,browser,web-browser,,computer,,,,Blink,[],"{""20"": [""Possibly running on Windows Server 2008 R2""]}",{},[],[],2016-03-13 12:03:27.000000,2018-05-15 22:00:19.324436
73,Mozilla/5.0 (X11; Linux x86_64; rv:36.0) Gecko/20100101 Firefox/36.0,837,Firefox 36 on Linux,,,Firefox 36,Firefox,firefox,36,36.0,Linux,Linux,linux,,,,,[],,,,browser,web-browser,,computer,,,,Gecko,[u'20100101'],"{""20"": [""X11 Window System""]}","{""Hardware Architecture"": ""x64""}",[],[],2015-03-01 21:16:21.000000,2018-11-26 13:08:43.232025
74,"Mozilla/5.0 (iPad; CPU OS 8_4_1 like Mac OS X) AppleWebKit/600.1.4 (KHTML, like Gecko) Version/8.0 Mobile/12H321 Safari/600.1.4",13449,Safari 8 on iOS 8.4,,Apple iPad,Safari 8,Safari,safari,8,8.0,iOS 8.4,iOS,ios,8.4,8.4.1,,,[],iPad,,Apple,browser,web-browser,,mobile,tablet,,,WebKit,"[u'600', u'1', u'4']",{},"{""Mobile Build"": ""12H321""}",[],[],2015-08-14 18:32:17.000000,2018-12-09 19:12:04.735377
75,Mozilla/5.0 (Macintosh; Intel Mac OS X 10.8; rv:21.0) Gecko/20100101 Firefox/21.0,1424,Firefox 21 on Mac OS X (Mountain Lion),,,Firefox 21,Firefox,firefox,21,21.0,Mac OS X (Mountain Lion),Mac OS X,mac-os-x,Mountain Lion,10.8,,,[],,,,browser,web-browser,,computer,,,,Gecko,[u'20100101'],{},{},[],[],2013-05-29 22:04:53.000000,2018-12-03 16:04:20.909627
76,Mozilla/5.0 (Macintosh; Intel Mac OS X 10.9; rv:35.0) Gecko/20100101 Firefox/35.0,2192,Firefox 35 on Mac OS X (Mavericks),,,Firefox 35,Firefox,firefox,35,35.0,Mac OS X (Mavericks),Mac OS X,mac-os-x,Mavericks,10.9,,,[],,,,browser,web-browser,,computer,,,,Gecko,[u'20100101'],{},{},[],[],2015-01-21 16:44:03.000000,2018-10-28 10:00:25.329226
77,"Mozilla/5.0 (Macintosh; Intel Mac OS X 10_7_5) AppleWebKit/537.78.2 (KHTML, like Gecko) Version/6.1.6 Safari/537.78.2",22973,Safari 6.1 on Mac OS X (Lion),,,Safari 6.1,Safari,safari,6.1,6.1.6,Mac OS X (Lion),Mac OS X,mac-os-x,Lion,10.7.5,,,[],,,,browser,web-browser,,computer,,,,WebKit,"[u'537', u'78', u'2']",{},{},[],[],2014-09-11 13:02:14.000000,2018-12-17 05:00:10.359053
78,"Mozilla/5.0 (Windows NT 10.0; Win64; x64) AppleWebKit/537.36 (KHTML, like Gecko) Chrome/44.0.2403.130 Safari/537.36",16,Chrome 44 on Windows 10,,,Chrome 44,Chrome,chrome,44,44.0.2403.130,Windows 10,Windows,windows,10,NT 10.0,,,[],,,,browser,web-browser,,computer,,,,Blink,[],"{""20"": [""64-bit Edition""]}","{""Hardware Architecture"": ""64-bit processor (AMD)""}",[],[],2016-03-13 12:03:27.000000,2016-03-14 12:37:44.000000
79,Mozilla/5.0 (compatible; Googlebot/2.1; +http://www.google.com/bot.html),1803244,Googlebot 2.1,,,Googlebot 2.1,Googlebot,googlebot,2.1,2.1,,,,,,,,[],,,,bot,crawler,,server,,,,,[],{},{},[],[],2004-06-30 07:37:07.000000,2018-12-17 09:00:10.303603
80,Mozilla/5.0 (Windows NT 6.3; WOW64; rv:40.0) Gecko/20100101 Firefox/40.0,10966,Firefox 40 on Windows 8.1,,,Firefox 40,Firefox,firefox,40,40.0,Windows 8.1,Windows,windows,8.1,NT 6.3,,,[],,,,browser,web-browser,,computer,,,,Gecko,[u'20100101'],"{""20"": [""32 bit compatibility layer""]}",{},[],[],2015-08-11 10:41:53.000000,2018-12-17 10:00:31.813914
81,Mozilla/5.0 (Mobile; rv:32.0) Gecko/32.0 Firefox/32.0,6,Firefox 32,,,Firefox 32,Firefox,firefox,32,32.0,,,,,,,,[],,,,browser,web-browser,,mobile,,,,Gecko,"[u'32', u'0']",{},{},[],[],2016-03-13 12:03:27.000000,2018-07-29 19:02:22.059874
82,Mozilla/4.0 (compatible; MSIE 7.0; Windows NT 6.2; WOW64; Trident/7.0; .NET4.0E; .NET4.0C; .NET CLR 3.5.30729; .NET CLR 2.0.50727; .NET CLR 3.0.30729; Tablet PC 2.0; McAfee; AmericasCardroom; BRI/2; GWX:DOWNLOADED),4,Internet Explorer 11 on Windows 8,Internet Explorer 7 Compatibility View,,Internet Explorer 11,Internet Explorer,internet-explorer,11,11,Windows 8,Windows,windows,8,NT 6.2,,,"[{""code"": ""microsoft-dotnet"", ""name"": ""Microsoft .Net"", ""versions"": [{""simple"": ""4.0"", ""full"": [""4"", ""0E""]}, {""simple"": ""4.0"", ""full"": [""4"", ""0C""]}, {""simple"": ""3.5"", ""full"": [""3"", ""5"", ""30729""]}, {""simple"": ""2.0"", ""full"": [""2"", ""0"", ""50727""]}, {""simple"": ""3.0"", ""full"": [""3"", ""0"", ""30729""]}]}]",,,,browser,web-browser,,computer,,,,Trident,"[u'7', u'0']","{""10"": [""Internet Explorer 7 Compatibility View""], ""20"": [""32 bit compatibility layer"", ""Tablet PC""]}","{""Tablet PC Version"": ""2.0""}",[],"[""Bing Toolbar v2"", ""McAfee AntiVirus""]",2016-03-13 12:03:27.000000,2018-05-19 12:00:09.087463
83,"Mozilla/5.0 (Macintosh; Intel Mac OS X 10_10_3) AppleWebKit/537.36 (KHTML, like Gecko) Chrome/44.0.2403.155 Safari/537.36",119,Chrome 44 on Mac OS X (Yosemite),,,Chrome 44,Chrome,chrome,44,44.0.2403.155,Mac OS X (Yosemite),Mac OS X,mac-os-x,Yosemite,10.10.3,,,[],,,,browser,web-browser,,computer,,,,Blink,[],{},{},[],[],2015-08-15 15:23:55.000000,2018-03-14 16:00:32.546975
84,Mozilla/5.0 (compatible; MSIE 9.0; Windows NT 6.1; Trident/7.0),652,Internet Explorer 11 on Windows 7,Internet Explorer 9 Compatibility View,,Internet Explorer 11,Internet Explorer,internet-explorer,11,11,Windows 7,Windows,windows,7,NT 6.1,,,[],,,,browser,web-browser,,computer,,,,Trident,"[u'7', u'0']","{""10"": [""Internet Explorer 9 Compatibility View""], ""20"": [""Possibly running on Windows Server 2008 R2""]}",{},[],[],2015-03-25 00:48:30.000000,2018-11-19 11:11:28.735617
85,"Mozilla/5.0 (iPad; CPU OS 8_2 like Mac OS X) AppleWebKit/600.1.4 (KHTML, like Gecko) Version/8.0 Mobile/12D508 Safari/600.1.4",14747,Safari 8 on iOS 8.2,,Apple iPad,Safari 8,Safari,safari,8,8.0,iOS 8.2,iOS,ios,8.2,8.2,,,[],iPad,,Apple,browser,web-browser,,mobile,tablet,,,WebKit,"[u'600', u'1', u'4']",{},"{""Mobile Build"": ""12D508""}",[],[],2015-03-11 20:08:56.000000,2018-12-11 21:00:06.637335
86,"Mozilla/5.0 (Macintosh; Intel Mac OS X 10_10_4) AppleWebKit/537.36 (KHTML, like Gecko) Chrome/46.0.2483.0 Safari/537.36",1,Chrome 46 on Mac OS X (Yosemite),,,Chrome 46,Chrome,chrome,46,46.0.2483.0,Mac OS X (Yosemite),Mac OS X,mac-os-x,Yosemite,10.10.4,,,[],,,,browser,web-browser,,computer,,,,Blink,[],{},{},[],[],2016-03-13 12:03:27.000000,2016-03-13 12:03:27.000000
87,Mozilla/5.0 (Windows NT 5.1; WOW64; rv:39.0) Gecko/20100101 Firefox/39.0,4096,Firefox 39 on Windows XP,,,Firefox 39,Firefox,firefox,39,39.0,Windows XP,Windows,windows,XP,NT 5.1,,,[],,,,browser,web-browser,,computer,,,,Gecko,[u'20100101'],"{""20"": [""32 bit compatibility layer""]}",{},[],[],2016-03-13 12:03:27.000000,2018-01-12 04:01:05.667896
88,Mozilla/4.0 (compatible; MSIE 7.0; Windows NT 6.1; WOW64; Trident/6.0; SLCC2; .NET CLR 2.0.50727; .NET CLR 3.5.30729; .NET CLR 3.0.30729; Media Center PC 6.0; InfoPath.3; .NET4.0C; .NET4.0E; MS-RTC LM 8),12,Internet Explorer 10 on Windows 7,Internet Explorer 7 Compatibility View,,Internet Explorer 10,Internet Explorer,internet-explorer,10,10,Windows 7,Windows,windows,7,NT 6.1,,,"[{""code"": ""microsoft-dotnet"", ""name"": ""Microsoft .Net"", ""versions"": [{""simple"": ""4.0"", ""full"": [""4"", ""0C""]}, {""simple"": ""4.0"", ""full"": [""4"", ""0E""]}, {""simple"": ""2.0"", ""full"": [""2"", ""0"", ""50727""]}, {""simple"": ""3.5"", ""full"": [""3"", ""5"", ""30729""]}, {""simple"": ""3.0"", ""full"": [""3"", ""0"", ""30729""]}]}]",,,,browser,web-browser,,computer,,,,Trident,"[u'6', u'0']","{""10"": [""Internet Explorer 7 Compatibility View""], ""20"": [""32 bit compatibility layer"", ""Media Center PC v6.0""]}",{},[],"[""InfoPath XML MIME Filter v3"", ""Live Meeting 2007"", ""Microsoft Windows Security Licensing v2.0""]",2016-03-13 12:03:27.000000,2017-08-15 23:00:31.424246
89,Mozilla/5.0 (Android; Linux armv7l; rv:5.0) Gecko/20110615 Firefox/5.0 Fennec/5.0,35,Fennec 5 on Android,,,Fennec 5,Fennec,fennec,5,5.0,Android,Android,android,,,,,[],,,,browser,web-browser,,mobile,,,,Gecko,[u'20110615'],{},"{""Hardware Architecture"": ""ARM v7L""}",[],[],2016-03-13 12:03:27.000000,2018-03-04 06:22:06.681474
90,"Mozilla/5.0 (iPhone; CPU iPhone OS 8_1_3 like Mac OS X) AppleWebKit/600.1.4 (KHTML, like Gecko) Mobile/12B466 [FBAN/FBIOS;FBAV/37.0.0.21.273;FBBV/13822349;FBDV/iPhone6,1;FBMD/iPhone;FBSN/iPhone OS;FBSV/8.1.3;FBSS/2; FBCR/fido;FBID/phone;FBLC/fr_FR;FBOP/5]",1,Facebook App 37 on iOS 8.1,,Apple iPhone 5s,Facebook App 37,Facebook App,facebook-app,37,37.0.0.21.273,iOS 8.1,iOS,ios,8.1,8.1.3,,,[],iPhone 5s,,Apple,browser,in-app-browser,,mobile,phone,,,WebKit,"[u'600', u'1', u'4']",{},"{""iPhone Version Full"": ""iPhone 5s GSM"", ""Mobile Build"": ""12B466""}",[],[],2016-03-13 12:03:27.000000,2018-03-04 06:22:06.830965
91,Mozilla/5.0 (Windows NT 6.1; Win64; x64; rv:40.0) Gecko/20100101 Firefox/40.0 Cyberfox/40.0,3,Firefox 40 on Windows 7,,,Firefox 40,Firefox,firefox,40,40.0,Windows 7,Windows,windows,7,NT 6.1,,,[],,,,browser,web-browser,,computer,,,,Gecko,[u'20100101'],"{""20"": [""Possibly running on Windows Server 2008 R2"", ""64-bit Edition""]}","{""Hardware Architecture"": ""64-bit processor (AMD)""}",[],[],2016-03-13 12:03:27.000000,2018-03-04 06:22:06.963941
92,"Mozilla/5.0 (iPad; CPU OS 7_0_4 like Mac OS X) AppleWebKit/537.51.1 (KHTML, like Gecko) Mercury/8.7 Mobile/11B554a Safari/9537.53",2,Mercury Browser 8.7 on iOS 7,,Apple iPad,Mercury Browser 8.7,Mercury Browser,mercury-browser,8.7,8.7,iOS 7,iOS,ios,7,7.0.4,,,[],iPad,,Apple,browser,web-browser,,mobile,tablet,,,WebKit,"[u'537', u'51', u'1']",{},"{""Mobile Build"": ""11B554a""}",[],[],2016-03-13 12:03:27.000000,2018-03-04 06:22:07.097037
93,Mozilla/4.0 (compatible; MSIE 7.0; Windows NT 6.3; WOW64; Trident/7.0; .NET4.0E; .NET4.0C; .NET CLR 3.5.30729; .NET CLR 2.0.50727; .NET CLR 3.0.30729; GWX:QUALIFIED; MASMJS),8,Internet Explorer 11 on Windows 8.1,Internet Explorer 7 Compatibility View,Samsung,Internet Explorer 11,Internet Explorer,internet-explorer,11,11,Windows 8.1,Windows,windows,8.1,NT 6.3,,,"[{""code"": ""microsoft-dotnet"", ""name"": ""Microsoft .Net"", ""versions"": [{""simple"": ""4.0"", ""full"": [""4"", ""0E""]}, {""simple"": ""4.0"", ""full"": [""4"", ""0C""]}, {""simple"": ""3.5"", ""full"": [""3"", ""5"", ""30729""]}, {""simple"": ""2.0"", ""full"": [""2"", ""0"", ""50727""]}, {""simple"": ""3.0"", ""full"": [""3"", ""0"", ""30729""]}]}]",,,Samsung,browser,web-browser,,computer,,,,Trident,"[u'7', u'0']","{""10"": [""Internet Explorer 7 Compatibility View""], ""20"": [""32 bit compatibility layer""]}",{},[],[],2016-03-13 12:03:27.000000,2018-03-04 06:22:07.232635
94,"Mozilla/5.0 (iPhone; CPU iPhone OS 7_1 like Mac OS X) AppleWebKit (KHTML, like Gecko) Mobile (compatible; Yahoo! Slurp; http://help.yahoo.com/help/us/ysearch/slurp)",570,Yahoo! Slurp Web Crawler Bot,,,Yahoo! Slurp Web Crawler Bot,Yahoo! Slurp Web Crawler Bot,yahoo-slurp-web-crawler-bot,,,,,,,,,,[],,,,bot,crawler,,server,,,,,[],{},{},[],[],2016-03-13 12:03:28.000000,2018-03-04 06:22:07.375902
95,Mozilla/5.0 (Windows NT 6.1; WOW64; Trident/7.0; NP06; rv:11.0) like Gecko,3941,Internet Explorer 11 on Windows 7,,Asus,Internet Explorer 11,Internet Explorer,internet-explorer,11,11,Windows 7,Windows,windows,7,NT 6.1,,,[],,,Asus,browser,web-browser,,computer,,,,Trident,"[u'7', u'0']","{""20"": [""Possibly running on Windows Server 2008 R2"", ""32 bit compatibility layer""]}",{},[],[],2013-12-19 14:51:03.000000,2018-12-16 14:00:20.366645
96,Mozilla/4.0 (compatible; MSIE 7.0; Windows NT 6.3; ARM; Trident/7.0; Touch; .NET4.0E; .NET4.0C; Tablet PC 2.0),232,Internet Explorer 11 on Windows 8.1,Internet Explorer 7 Compatibility View,,Internet Explorer 11,Internet Explorer,internet-explorer,11,11,Windows 8.1,Windows,windows,8.1,NT 6.3,,,"[{""code"": ""microsoft-dotnet"", ""name"": ""Microsoft .Net"", ""versions"": [{""simple"": ""4.0"", ""full"": [""4"", ""0E""]}, {""simple"": ""4.0"", ""full"": [""4"", ""0C""]}]}]",,,,browser,web-browser,,computer,,,,Trident,"[u'7', u'0']","{""10"": [""Internet Explorer 7 Compatibility View""], ""20"": [""Tablet PC""]}","{""Hardware Architecture"": ""ARM"", ""Tablet PC Version"": ""2.0""}","[""Touch capability""]",[],2015-03-26 04:51:32.000000,2018-12-13 19:00:52.456966
98,Mozilla/5.0 (Windows; U; Windows NT 6.1; en-US; rv:1.9.0.19) Gecko/2010062819 Firefox/3.0.19 Flock/2.6.1,107,Flock 2.6 on Windows 7,,,Flock 2.6,Flock,flock,2.6,2.6.1,Windows 7,Windows,windows,7,NT 6.1,,,[],,,,browser,web-browser,,computer,,,,Gecko,[u'2010062819'],"{""20"": [""Possibly running on Windows Server 2008 R2""]}",{},[],[],2010-07-20 13:26:05.000000,2018-03-04 06:22:07.767889
99,"Mozilla/5.0 (Windows NT 10.0; WOW64) AppleWebKit/537.36 (KHTML, like Gecko) Chrome/44.0.2403.157 Safari/537.36",1925,Chrome 44 on Windows 10,,,Chrome 44,Chrome,chrome,44,44.0.2403.157,Windows 10,Windows,windows,10,NT 10.0,,,[],,,,browser,web-browser,,computer,,,,Blink,[],"{""20"": [""32 bit compatibility layer""]}",{},[],[],2015-08-26 08:07:42.000000,2018-08-17 14:00:58.261979
100,Mozilla/5.0 (Windows NT 6.3; WOW64; Trident/7.0; Touch; rv:11.0) like Gecko,28591,Internet Explorer 11 on Windows 8.1,,,Internet Explorer 11,Internet Explorer,internet-explorer,11,11,Windows 8.1,Windows,windows,8.1,NT 6.3,,,[],,,,browser,web-browser,,computer,,,,Trident,"[u'7', u'0']","{""20"": [""32 bit compatibility layer""]}",{},"[""Touch capability""]",[],2014-01-26 21:21:41.000000,2018-12-17 01:00:09.722379
102,Mozilla/4.0 (compatible; MSIE 7.0; Windows NT 6.1; WOW64; Trident/7.0; SLCC2; .NET CLR 2.0.50727; .NET CLR 3.5.30729; .NET CLR 3.0.30729; Media Center PC 6.0; .NET4.0C; .NET4.0E),5120,Internet Explorer 11 on Windows 7,Internet Explorer 7 Compatibility View,,Internet Explorer 11,Internet Explorer,internet-explorer,11,11,Windows 7,Windows,windows,7,NT 6.1,,,"[{""code"": ""microsoft-dotnet"", ""name"": ""Microsoft .Net"", ""versions"": [{""simple"": ""4.0"", ""full"": [""4"", ""0C""]}, {""simple"": ""4.0"", ""full"": [""4"", ""0E""]}, {""simple"": ""2.0"", ""full"": [""2"", ""0"", ""50727""]}, {""simple"": ""3.5"", ""full"": [""3"", ""5"", ""30729""]}, {""simple"": ""3.0"", ""full"": [""3"", ""0"", ""30729""]}]}]",,,,browser,web-browser,,computer,,,,Trident,"[u'7', u'0']","{""10"": [""Internet Explorer 7 Compatibility View""], ""20"": [""32 bit compatibility layer"", ""Media Center PC v6.0""]}",{},[],"[""Microsoft Windows Security Licensing v2.0""]",2014-06-28 23:51:05.000000,2018-12-17 10:00:27.037408
103,"Mozilla/5.0 (Macintosh; Intel Mac OS X 10_10) AppleWebKit/600.1.25 (KHTML, like Gecko) Version/8.0 Safari/600.1.25",4252,Safari 8 on Mac OS X (Yosemite),,,Safari 8,Safari,safari,8,8.0,Mac OS X (Yosemite),Mac OS X,mac-os-x,Yosemite,10.10,,,[],,,,browser,web-browser,,computer,,,,WebKit,"[u'600', u'1', u'25']",{},{},[],[],2014-10-02 12:06:38.000000,2018-11-29 21:05:51.080262
104,"Mozilla/5.0 (Windows NT 6.2) AppleWebKit/537.36 (KHTML, like Gecko) Chrome/44.0.2403.157 Safari/537.36",292,Chrome 44 on Windows 8,,,Chrome 44,Chrome,chrome,44,44.0.2403.157,Windows 8,Windows,windows,8,NT 6.2,,,[],,,,browser,web-browser,,computer,,,,Blink,[],{},{},[],[],2016-03-13 12:03:28.000000,2016-03-14 12:39:16.000000
