codSubasta;lote;Valor de tasación;Fecha de matriculación;Visitable;Inscripción registral;Depósito;Código Postal;Situación posesoria;Número de bastidor;Matrícula;Marca;IDUFIR;numBienes;Tramos entre pujas;Provincia;Descripción;Modelo;Referencia catastral;Importe del depósito;Puja mínima;Dirección;Título jurídico;Vivienda habitual;Valor Subasta;Localidad;Información adicional;Cargas;
SUBASTA SUB-JA-2016-3971;Lote 1;;;No consta;;;17820;No consta;;;;;;;Gerona;C. Doctor Fleming 9 2º 3ª DE Banyoles;;0825101DG8602N0031BT;;;C. Doctor Fleming 9 2º 3ª DE Banyoles;;;;BANYOLES;;;
SUBASTA SUB-JA-2019-12407;Lote 1;;2004-07-16;No consta;;EL VEHICULO SE ENCUENTRA PRECINTADO EN PARATGE PUIG RUMÍ Nº 11 DE PALAFRUGELL (GIRONA);;;VWASDFTL043797593;5133CYH;NISSAN;;;;;VEHICULO FURGÓN MARCA NISSAN MODELO CABSTAR ;CABSTAR;;;;;;;;;;SEGÚN EL ARTÍCULO 668.2 PARRAFO SEGUNDO SE ENTENDERÁ QUE TODO LICITADOR ACEPTA COMO BASTANTE LA TITULACIÓN EXIXTENTE EN EL PRCEDIMIENTO DE EJECUCIÓN O ASUME SU INEXISTENCIA, ASÍ COMO LAS CONSECUENCIAS DE QUE SUS PUJAS NO SUPEREN LOS PORCENTAJES DEL TIPO DE SUBASTA ESTABLECIDO EN EL ARTÍCULO 670. ADEMÁS SE SEÑALARÁ QUE LAS CARGAS, GRAVÁMENES Y ASIENTOS ANTERIORES AL CRÉDITO DEL ACTOR, CONTINUARAN SUBSISTENTES Y QUE, POR EL SOLO ECHO DE PARTICIPAR EN LA SUBASTA, EL LICITADOR LOS ADMITE..;
SUBASTA SUB-JA-2019-123065;Lote 1;288.934,20 €;;No consta;;;17300;No consta;;;;;1;5.778,68 €;Gerona;Calle Sant Viceç Ferrer nº 35 Escalera B 1º 1ª de Blanes;;1636302DG8113N0048TG;14.446,71 €;Sin puja mínima;c/ Sant Vicenç Ferrer 35 Esc B 1º 1ª;;;288.934,20 €;Blanes;;ANEXO SUBASTA;
SUBASTA SUB-JA-2019-123065;Lote 2;17.400,00 €;;No consta;;;17300;No consta;;;;;1;348,00 €;Gerona;Sótano en edificio con frente calle Sant Vicenç Ferrer 35 de Blanes;;1636302DG8113N0008MP;870,00 €;Sin puja mínima;c/ Vicenç Ferrer 35 planta sótano;;;17.400,00 €;Blanes;;ANEXO SUBASTA;
SUBASTA SUB-JA-2019-12244;Lote 1;;;No consta;;;17538;No consta;;;;17005000028597;;;Gerona;Finca 3024 de Alp (Gerona) inscrita en el registro de la propiedad de Puigcerdà, tomo 601, libro 39, folio 29.;;2581205DG1828S0073IP;;;entidad nº64 edificio Orbis Holidays;;;;Alp;;Según certificación.;
SUBASTA SUB-JA-2019-11919;Lote 1;;;Sí;Consta inscrita en el Registro de la Propiedad de Roses núm. 1, en el tomo 2679, libro 357, folio 136, y la donación, al tomo 2995, libro 593 de Roses, folio 215. ;;17480;No consta;;;;17019000289155;;;Gerona;URBANA.- ENTIDAD DIECIOCHO.- PISO PRIMERO NÚMERO NUEVE sito en la primera planta alta del edificio sito en Roses, calle de la Barca esquina a la Avenida de la Cuana, número dieciocho. Tiene una superficie de TREINTA Y DOS metros, SIETE decímetros cuadrados. ;;5186601/EG1758N/0034/AK;;;C/ de la Barca esquina a la Avenida de la Cuana, 18 1 9;;No;;ROSES;Finca Registral número 24885 de Roses;;
SUBASTA SUB-JA-2019-11918;Lote 1;;;No consta;;;17410;No consta;;;;;;;Gerona;SEGUN PDF;;8143201/DG7384S/0001/HI;;;Calle Roure, núm. 40-42;;Sí;;SILS;;;
SUBASTA SUB-JA-2019-12230;Lote 1;;;Sí;;;17600;No consta;;;;;;;Gerona;Nave industrial y terreno adjunto;;002302300DG97H0001OS;;;C/ Bruguera 16;;No;;Figueres;;Según certificación adjunta;
SUBASTA SUB-JA-2019-12106;Lote 1;;;No consta;;;17240;No consta;;;;;;;Gerona;PARCELA DE TERRENO SITO EN LLAGOSTERA;;;;;URB MAS FONOLLERONS PARCELA 902;;;;LLAGOSTERA;;;
SUBASTA SUB-JA-2018-104023;Lote 1;;;No;;;17200;No consta;;;;17014000393451;1;Sin tramos;Gerona;Según certificación registral adjunta.;;;6.972,75 €;69.727,53 €;C/ de Torroella, núm. 73, 2n-porta A;;No;139.455,06 €;PALAFRUGELL;;;
SUBASTA SUB-JA-2018-104023;Lote 2;;;No;;;17200;No consta;;;;17014000393475;1;Sin tramos;Gerona;Según certificación registral adjunta.;;;7.401,18 €;74.011,84 €;C/ de Torroella, núm. 73, 2n-porta C;;No;148.023,68 €;PALAFRUGELL;;;
SUBASTA SUB-JA-2018-104023;Lote 3;;;No;;;17200;No consta;;;;17014000393482;1;Sin tramos;Gerona;Según certificación registral adjunta.;;;7.535,77 €;75.357,66 €;C/ de Torroella, núm. 73, 2n-porta D;;No;150.715,31 €;PALAFRUGELL;;;
SUBASTA SUB-JA-2019-12226;Lote 1;;;No consta;;;17834;No consta;;;;;;;Gerona;PIEZA DE TIERRA SOLAR EN EL MUNICIPIO DE PORQUERES  FINCA: 1505  R. PROPIEDAD BANYOLES;;0816712DG8601N0001LD;;;PORQUERES GIRONA;;No;;PORQUERES;;;
SUBASTA SUB-RC-2019-174300010000;Lote 1;;;Sí;Finca 4907;;17410;Sin ocupantes;;;;17018000748044;;;Gerona;URBANA: PIEZA DE TIERRA, bosque, sita en término de Sils, lugar de Vallcanera, parcela número TRES de la Urbanización "Vallcanera Parc" Manzana letra A, polígono 2º, con frente a la calle Llobregat, número tres. Tiene forma rectangular y ocupa una superficie de seiscientos metros cuadrados, equivalentes a quince mil ochocientos ochenta y dos palmos cuadrados. LINDA a la derecha entrando Norte, en línea de treinta metros, con la parcela número cuatro, al fondo Oeste, en línea de veinte metros, con la parcela número uno, y a la izquierda Sur, en línea de treinta metros, con la parcela número dos.;;8331110DG7383S0001TF;;;Llobregat, 3 de la Urbanización Vallcanera;;;;Sils;FINCA REGISTRAL: Número 4907, inscrita al tom 2925, llibre 132 de Sils, folio 117.;NO TIENE;
SUBASTA SUB-RC-2019-174300010000;Lote 1;;;No;Finca 6915;;17411;No consta;;;;17018000865956;;;Gerona;URBANA: FINCA ESPECIAL NUMERO CINCO.- PLAZA DE APARCAMIENTO señalada de NUMERO SIETE situada en la planta sótanos del edificio plurifamiliar situado en VIDRERES, calle Tramuntana, número setenta y tres-setenta y cinco, chaflán con la calle Doctor Trueta sin número. Se accede mediante rampa que da a la calle Doctor Trueta y caja de escalera de acceso a la planta baja. Tiene una superficie útil de veintiún metros ochenta y dos decímetros cuadrados. LINDA al frente, con pasillo de acceso, a la derecha entrando con plaza de aparcamiento numero seis, al fondo con subsuelo de la calle Tramuntana, y a la izquierda entrando, con la caja de escalera que comunica con el portal de entrada que da a la calle Tramuntana. Le corresponde una cuota de participación en los elementos comunes y gastos con relación al total valor del inmueble de tres enteros setenta y tres centésimas por ciento. Y en cuanto a la comunidad restringida de las plazas de aparcamiento de la planta sótanos de once enteros, treinta y dos centésimas por ciento.;;1369212DG8216N0005HJ;;;Tramuntana, 73-75;;;;Vidreres;Finca número 6915, inscrita al tom 2939, llibre 172 de Vidreres, foli 209.;NO TIENE;
SUBASTA SUB-RC-2019-174300010000;Lote 1;;;Sí;Finca 6513;;17455;Sin ocupantes;;;;17018000236763;;;Gerona;URBANA: PARCELA NUMERO 6-E. PORCION DE TERRENO en término municipal de Caldes de Malavella, Urbanización Malavella Park. Mide una superficie de mil trescientos setenta y nueve metros cuadrados. LINDA al Norte, con parcela número 7-E, al Sur con parcelas números  3-E, 4-E y 5-E, al Este, con calle y al Oeste, con la parcela número 22-E.;;3693609DG8239S0001DA;;;Santa Barbara, 6 de la Urbanización Malavella Park;;;;Caldes de Malavella;Finca número 6513, inscrita al tom 3192, llibre 177 de Caldes de Malavella, foli 23.;NO TIENE;
SUBASTA SUB-JA-2018-10326;Lote 1;;;No consta;;;17310;No consta;;;;;;;Gerona;Finca Urbana especial elemento número cuatro.- vivienda tipo dúplex, formada por dos plantas tercera  cuarta puerta única de un edificio sito en la Villa de Lloret de Mar, carrer Lleó número siete .;;;;; sito en la Villa de Lloret de Mar, carrer Lleó número siete;;;;LLORET DE MAR;;;
SUBASTA SUB-JA-2019-12291;Lote 1;;;No consta;;;17230;No consta;;;;17015000499129;;;Gerona; Vivienda sita en C. Rutlla Alta 9 bis, piso, de Palamós. Anexos: Garaje, terraza descubierta y local-trastero.;;;;;C. Rutlla Alta núm. 9 bis, piso de Palamós. Anexos: Garaje, terraza descubierta i local-trastero;;No;;Palamós;;;
SUBASTA SUB-JA-2019-11981;Lote 1;;;No consta;;;17300;No consta;;;;;;;Gerona;Calle Anselm Clavé nº 86 2º 6ª de Blanes;;2244302DG8124S0022OQ;;;C/ ANSELM CLAVE Nº 86 2º 6ª;;;;Blanes;;SE ADJUNTA CERTIFICADO CARGAS EN ANEXO;
SUBASTA SUB-RC-2019-174300010000;Lote 1;;;Sí;Finca 5294;;17430;Sin ocupantes;;;;17018000327287;;;Gerona;URBANA: PORCION DE TERRENO o parcela, sita en la Urbanización Santa Coloma Residencial, señalada de número CINCO MIL CIENTO TREINTA Y DOS, del término municipal de SANTA COLOMA DE FARNERS. Tiene una extensión superficial de ochocientos treinta y siete metros, sesenta y seis decímetros cuadrados, equivalentes a veintidós mil ciento setenta y un palmos diez décimos de palmo cuadrados. LINDA por su frente Sur, con vial de la urbanización, por al derecha entrando Este, con vial de la urbanización, a la izquierda entrando Oeste, con la parcela cinco mil ciento treinta y uno, y por el fondo Norte, con la parcela cinco mil ciento veintidós;;5857902DG7355N0001DT;;;Pintor fortuny, 25;;;;Santa Coloma de Farners;Número 5294, inscrita al tomo 1725, libro 139 de Santa Coloma de Farners, folio 65.;NO TIENE;
SUBASTA SUB-JA-2018-9301;Lote 1;;;No consta;;;17200;No consta;;;;;;;Gerona;FINCA Nº 7.804 DE PALAFRUGELL;;4205201EG1440N0056RJ;;;PISO TERCERO, LETRA D, IZQUIERDA, ANTIGUO TERRITORIO "QUINTÀ";;;;PALAFRUGELL;;;
SUBASTA SUB-JA-2018-11543;Lote 1;;;No consta;;;17190;No consta;;;;17012000043024;;;Gerona;FINCA 10180, inscrito en el registro de la propiedad nº 4 de             Girona, tomo 3840, libro 432, folio 8;;;;;Paisos Catalans 24, 3º 9ª;;;;Salt;;;
SUBASTA SUB-JA-2019-12143;Lote 1;;;No consta;;;17190;No consta;;;;;;;Gerona;VIVIENDA  SITA EN SALT REGISTRO DE LA PROPIEDAD NUMERO CUATRO DE GIRONA  FINCA  14957, TOMO 3828, LIBRO  429,  DE SALT  FOLIO  70  ;;3069501DG8436G0019JY;;;SALT;;Sí;;SALT;;;
SUBASTA SUB-JA-2019-12280;Lote 1;;;No consta;;;17257;No consta;;;;17007000463880;;;Gerona;Según certificación registral adjuntada.;;;;;Solar-Urbanització Mas Pinell-Torroella de Montgrí;;No;;TORROELLA DE MONTGRÍ;;;
SUBASTA SUB-JA-2019-12155;Lote 1;;;No consta;;;17527;No consta;;;;;;;Gerona;FINCA URBANA;;6918102DH1061N0001SU;;;PARCELA J, PRAT D´EN CAMPILLA Y D´EN GIL ;;;;LLIVIA;;NO ES POSIBLE CERTIFICAR EN EL MOMENTO ACTUAL LA EXISTENCIA DE OTROS OCUPANTES DISTINTOS DE LOS EJECUTADOS Y DE QUIENES CON ELLOS PUEDAN CONVIVIR, SEGUN LA ESCRITURA DE PRESTAMO HIPOTECARIO Y AFIANZAMIENTO, SE HALL LIBRE DE ARRENDATARIOS;
SUBASTA SUB-JC-2019-122501;Lote 1;;;No consta;;;08440;No consta;;;;08079000447148;1;Sin tramos;Barcelona;FINCA INSCRITA EN EL REGISTRO DE LA PROPIEDAD DE GRANOLLERS Nº 3 AL TOMO 2359 LIBRO 225 FOLIO 88;;;712,50 €;Sin puja mínima;C/ Dolors Granés 10-12;;;14.250,00 €;Cardedéu;;;
SUBASTA SUB-JC-2019-122501;Lote 2;;;No consta;;;08440;No consta;;;;08079000447308;1;Sin tramos;Barcelona;FINCA INSCRITA EN EL REGISTRO DE LA PROPIEDAD DE GRANOLLERS Nº 3 AL TOMO 2359 LIBRO 225 FOLIO 136;;;675,00 €;Sin puja mínima;C/ Dolors Granés 10-12;;;13.500,00 €;Cardedéu;;;
SUBASTA SUB-JC-2019-122501;Lote 3;;;No consta;;;08440;No consta;;;;08079000447513;1;Sin tramos;Barcelona;FINCA INSCRITA EN EL REGISTRO DE LA PROPIEDAD DE GRANOLLERS Nº 3 AL TOMO 2359 LIBRO 225 FOLIO 199;;;662,50 €;Sin puja mínima;C/ Dolors Granés 10-12;;;13.250,00 €;Cardedéu;;;
SUBASTA SUB-JC-2019-122501;Lote 4;;;No consta;;;08440;No consta;;;;08079000471938;1;Sin tramos;Barcelona;FINCA INSCRITA EN EL REGISTRO DE LA PROPIEDAD DE GRANOLLERS Nº 3 AL TOMO 2422 LIBRO 245 FOLIO 94;;;675,00 €;Sin puja mínima;C/Esteve Berenguer  51,53,55,57;;;13.500,00 €;Cardedéu;;;
SUBASTA SUB-JC-2019-122501;Lote 5;;;No consta;;;08440;No consta;;;;08079000472058;1;Sin tramos;Barcelona;FINCA INSCRITA EN EL REGISTRO DE LA PROPIEDAD DE GRANOLLERS Nº 3 AL TOMO 2422 LIBRO 245 FOLIO 130;;;675,00 €;Sin puja mínima;C/Esteve Berenguer  51,53,55,57;;;13.500,00 €;Cardedéu;;;
SUBASTA SUB-JC-2019-122501;Lote 6;;;No consta;;;08440;No consta;;;;08079000472164;1;Sin tramos;Barcelona;FINCA INSCRITA EN EL REGISTRO DE LA PROPIEDAD DE GRANOLLERS Nº 3 AL TOMO 2422 LIBRO 245 FOLIO 163;;;675,00 €;Sin puja mínima;C/Esteve Berenguer  51,53,55,57;;;13.500,00 €;Cardedéu;;;
SUBASTA SUB-JC-2019-122501;Lote 7;;;No consta;;;08440;No consta;;;;08079000472256;1;Sin tramos;Barcelona;FINCA INSCRITA EN EL REGISTRO DE LA PROPIEDAD DE GRANOLLERS Nº 3 AL TOMO 2422 LIBRO 245 FOLIO 190;;;675,00 €;Sin puja mínima;C/Esteve Berenguer  51,53,55,57;;;13.500,00 €;Cardedéu;;;
SUBASTA SUB-JC-2019-122501;Lote 8;;;No consta;;;08401;No consta;;;;08117000461723;1;0,00 €;Barcelona;FINCA INSCRITA EN EL REGISTRO DE LA PROPIEDAD DE GRANOLLERS Nº 1 AL TOMO 2723 LIBRO 1030 FOLIO 46;;;975,00 €;Sin puja mínima;C/ Ramón Llull 5;;;19.500,00 €;Granollers;;;
SUBASTA SUB-JC-2019-122501;Lote 9;;;No consta;;;08401;No consta;;;;08117000461778;1;0,00 €;Barcelona;FINCA INSCRITA EN EL REGISTRO DE LA PROPIEDAD DE GRANOLLERS Nº 1 AL TOMO 2723 LIBRO 1030 FOLIO 61;;;925,00 €;Sin puja mínima;C/ Ramón Llull 5;;;18.500,00 €;Granollers;;;
SUBASTA SUB-JC-2019-122501;Lote 10;;;No consta;;;08401;No consta;;;;08117000461945;1;0,00 €;Barcelona;FINCA INSCRITA EN EL REGISTRO DE LA PROPIEDAD DE GRANOLLERS Nº 1 AL TOMO 2723 LIBRO 1030 FOLIO 112;;;925,00 €;Sin puja mínima;C/ Ramón Llull 5;;;18.500,00 €;Granollers;;;
SUBASTA SUB-JC-2019-122501;Lote 11;;;No consta;;;08401;No consta;;;;08117000461976;1;0,00 €;Barcelona;FINCA INSCRITA EN EL REGISTRO DE LA PROPIEDAD DE GRANOLLERS Nº 1 AL TOMO 2723 LIBRO 1030 FOLIO 121;;;975,00 €;Sin puja mínima;C/ Ramón Llull 5;;;19.500,00 €;Granollers;;;
SUBASTA SUB-JC-2019-122501;Lote 12;;;No consta;;;17480;No consta;;;;17019000383372;1;Sin tramos;Gerona;FINCA INSCRITA EN EL REGISTRO DE LA PROPIEDAD DE ROSES Nº 1 AL TOMO 3016 LIBRO 614 de Roses FOLIO 99;;;675,00 €;Sin puja mínima;Avda. Port Canigó 1- 5;;;13.500,00 €;Roses;;;
SUBASTA SUB-JC-2019-122501;Lote 13;;;No consta;;;17480;No consta;;;;;1;0,00 €;Gerona;FINCA INSCRITA EN EL REGISTRO DE LA PROPIEDAD DE ROSES Nº 1 AL TOMO 3016 LIBRO 614 de Roses FOLIO 179;;;560,00 €;Sin puja mínima;Avda. Port Canigó 1- 5;;;11.200,00 €;Roses;;;
SUBASTA SUB-JC-2019-122501;Lote 14;;;No consta;;;17480;No consta;;;;17019000383112;1;0,00 €;Gerona;FINCA INSCRITA EN EL REGISTRO DE LA PROPIEDAD DE ROSES Nº 1 AL TOMO 3146 LIBRO 744 de Roses FOLIO 208;;;487,50 €;Sin puja mínima;Avda. Port Canigó 1- 5;;;9.750,00 €;Roses;;;
SUBASTA SUB-JC-2019-122501;Lote 15;;;No consta;;;17480;No consta;;;;17019000383129;1;Sin tramos;Gerona;FINCA INSCRITA EN EL REGISTRO DE LA PROPIEDAD DE ROSES Nº 1 AL TOMO 3016 LIBRO 614 de Roses FOLIO 45;;;615,00 €;Sin puja mínima;Avda. Port Canigó 1- 5;;;12.300,00 €;Roses;;;
SUBASTA SUB-JC-2019-122501;Lote 16;;;No consta;;;17480;No consta;;;;17019000383204;1;0,00 €;Gerona;FINCA INSCRITA EN EL REGISTRO DE LA PROPIEDAD DE ROSES Nº 1 AL TOMO 3016 LIBRO 614 de Roses FOLIO 61;;;615,00 €;Sin puja mínima;Avda. Port Canigó 1- 5;;;12.300,00 €;Roses;;;
SUBASTA SUB-JC-2019-122501;Lote 17;;;No consta;;;17480;No consta;;;;17019000383402;1;0,00 €;Gerona;FINCA INSCRITA EN EL REGISTRO DE LA PROPIEDAD DE ROSES Nº 1 AL TOMO 3016 LIBRO 614 de Roses FOLIO 105;;;615,00 €;Sin puja mínima;Avda. Port Canigó 1- 5;;;12.300,00 €;Roses;;;
SUBASTA SUB-JC-2019-122501;Lote 18;;;No consta;;;17001;No consta;;;;17012001321473;1;0,00 €;Gerona;FINCA INSCRITA EN EL REGISTRO DE LA PROPIEDAD DE GIRONA Nº 4 AL TOMO 4165 LIBRO 392  FOLIO 164;;;975,00 €;Sin puja mínima;C/Torin 1;;;19.500,00 €;Girona;;;
SUBASTA SUB-JC-2019-122501;Lote 19;;;No consta;;;17001;No consta;;;;17012001321480;1;0,00 €;Gerona;FINCA INSCRITA EN EL REGISTRO DE LA PROPIEDAD DE GIRONA Nº 4 AL TOMO 4165 LIBRO 392  FOLIO 166;;;975,00 €;Sin puja mínima;C/Torin 1;;;19.500,00 €;Girona;;;
SUBASTA SUB-JC-2019-122501;Lote 20;;;No consta;;;17001;No consta;;;;17012001321497;1;0,00 €;Gerona;FINCA INSCRITA EN EL REGISTRO DE LA PROPIEDAD DE GIRONA Nº 4 AL TOMO 4165 LIBRO 392  FOLIO 169;;;975,00 €;Sin puja mínima;C/Torin 1;;;19.500,00 €;Girona;;;
SUBASTA SUB-JA-2019-12251;Lote 1;;;No consta;FINCA NUM 13057/66, inscrita al tomo 2528, libro 228 de Castell-Platja d'Aro folio 57 del Registro de la Propiedad de Sant Feliu de Guixols;;17250;No consta;;;;17017000640396;;;Gerona;FINCA REGISTRAL NUM 13057/66 inscrita al tomo 2528 libro 228 de Castell-Platja d'Aro folio 57 del Registro de la Propiedad de Sant Feliu de Guixols;;6001101EG0360A0133IG;;;C/ Punta dels Escuts, 2 -1. 9;;;;Castell-Platja d'Aro;;;
SUBASTA SUB-JA-2019-12240;Lote 1;;;No consta;;;17162;No consta;;;;;;;Gerona;SE  ADJUNTA CERTIFICACION DE CARGAS;;0360602DG8406S0001XR;;;CALLE TORREFERRANA- VIAL 10 URBANIZACION RESIDENCIAL PARC URBANITZAR DE MONTFULLA ;;No;;BESCANO;;;
SUBASTA SUB-JA-2019-12225;Lote 1;;;No consta;;;17250;No consta;;;;;;;Gerona;Vivienda de 77 metros cuadros más 6 metros compuesta de recibidor, tres dormitorios, un baño, un aseo, comedor-estar y cocona con lavadero;;;;;Conjunto Residencial Las Gavinas, S'Agaró;;No;;Castell-Platja d'Aro;;;
SUBASTA SUB-JA-2019-12034;Lote 1;;;No consta;;;17200;No consta;;;;17014000385487;;;Gerona;Según certificación registral adjunta.;;4409108EG1440N0001RM;;;C/ Alfons XII, 23;;Sí;;PALAFRUGELL;;;
SUBASTA SUB-JA-2018-99166;Lote 1;;;No consta;FINCA NUM 7160 inscrita al tomo 3235 libro 312 folio 44 R. P. Santa Coloma de Farners;;17430;No consta;;;;17018000345342;1;Sin tramos;Gerona;Plaza del Ayuntamiento num 16 planta baja Santa Coloma de Farners;;2046942/DG7324N/0011/RY;15.459,60 €;Sin puja mínima;Plaza Ayuntamiento 16;;No;309.192,00 €;Santa Coloma de Farners;;;
SUBASTA SUB-JA-2018-99166;Lote 2;;;No consta;FINCA NUM 14421 inscrita al tomo 2424 libro 213 folio 144 R.P. Sant Feliu de Guixols;;17250;No consta;;;;17017000141985;1;Sin tramos;Gerona;vienda planta baja dcha, Edificio "VILLA MAGNA" escalera B, de Platja d'Aro;;5491405/EGO259A/0013/PR;15.611,90 €;Sin puja mínima;Edificio Villa Magna escalera B bajos derecha;;No;312.238,00 €;Castell-Platja d'Aro;;;
SUBASTA SUB-JA-2018-99166;Lote 3;;;No consta;FINCA NUM 14408 inscrita al tomo 2424, libro 213, folio 103 del Registro de la Propiedad Sant Feliu de Guixols;;17250;No consta;;;;17017000141855;1;Sin tramos;Gerona;Planta semisotano Edificio "VILLA MAGNA" escalera B de Platja d'Aro;;5491405/EGO2594/0010/UQ;1.380,00 €;Sin puja mínima;Edificio "VILLA MAGNA" escalera B planta semisotano;;No;27.600,00 €;Castell-Platja d'Aro;;;
SUBASTA SUB-JA-2019-12178;Lote 1;;;No consta;Tomo 1464, libro 191, sección Ripoll, folio 47, finca 6065 del Registro de la Propiedad de Ripoll;;17500;No consta (Préstamo Hipotecario de fecha 26/05/2006 otorgada ante el Notario Lluís Jou y Mirabent. Ampliación de hipoteca de fecha 8/06/2007 ante el Notario Enrique Beltrán Ruiz);;;;;;;Gerona;Urbana departamento número 8, finca sita en Ripoll, en la calle Raval de l'Hospital, 10, 2-2a, tiene una superfície constuída de 60 m2.;;3424301DG3732S0008AW;;;C/ Raval de l'Hospital, 10, 2n-2a de Ripoll;;No;;Ripoll;;Las que constan en la certificación de cargas;
SUBASTA SUB-JA-2019-12134;Lote 1;;;No consta;;;17850;No consta;;;;;;;Gerona;Vivienda de dos plantas en Besalú;;;;;c/ Onze de setembre, 4;;Sí;;Besalú;;;
SUBASTA SUB-JA-2019-122271;Lote 1;;;No consta;;;17007;No consta;;;;;1;0,00 €;Gerona;registro de la propiedad numero cuatro de girona finca 10205,  libro  240, tomo 3338, folio262;;;10.934,40 €;Sin puja mínima;ciudad de girona;;Sí;218.688,00 €;girona;;;
SUBASTA SUB-JA-2019-122271;Lote 2;;;No consta;;;17007;No consta;;;;;1;0,00 €;Gerona;registro de la propiedad numero cuatro de girona finca 10258-16, libro 171, tomo 2585, folio 30;;;1.065,60 €;Sin puja mínima;ciudad  de girona;;Sí;21.312,00 €;girona;;;
SUBASTA SUB-JA-2019-122440;Lote 1;6.510,00 €;2008-01-22;No consta;;Se encuentra depositado en C/ Valencia, nº18 de Banyoles y las llaves y la documentación depositados en este SCPE Social;;;VWASHFF2471038739;0544FZJ;NISSAN;;1;Sin tramos;;Vehiculo marca Nissan modelo Cabstar matrícula 0544FZJ;CABSTAR;;325,50 €;Sin puja mínima;;;;6.510,00 €;;;SEGÚN EL ARTÍCULO 668.2 PARRAFO SEGUNDO SE ENTENDERÁ QUE TODO LICITADOR ACEPTA COMO BASTANTE LA TITULACIÓN EXIXTENTE EN EL PRCEDIMIENTO DE EJECUCIÓN O ASUME SU INEXISTENCIA, ASÍ COMO LAS CONSECUENCIAS DE QUE SUS PUJAS NO SUPEREN LOS PORCENTAJES DEL TIPO DE SUBASTA ESTABLECIDO EN EL ARTÍCULO 670. ADEMÁS SE SEÑALARÁ QUE LAS CARGAS, GRAVÁMENES Y ASIENTOS ANTERIORES AL CRÉDITO DEL ACTOR, CONTINUARAN SUBSISTENTES Y QUE, POR EL SOLO ECHO DE PARTICIPAR EN LA SUBASTA, EL LICITADOR LOS ADMITE.;
SUBASTA SUB-JA-2019-122440;Lote 2;6.510,00 €;2008-01-22;No consta;;Se encuentra depositado en C/ Valencia, nº18 de Banyoles y las llaves y la documentación depositados en este SCPE Social;;;VWASHFF2471038740;0549FZJ;Nissan;;1;Sin tramos;;Vehiculo marca Nissan modelo Cabstar matrícula 0549FZJ;Cabstar;;325,50 €;Sin puja mínima;;;;6.510,00 €;;;SEGÚN EL ARTÍCULO 668.2 PARRAFO SEGUNDO SE ENTENDERÁ QUE TODO LICITADOR ACEPTA COMO BASTANTE LA TITULACIÓN EXIXTENTE EN EL PRCEDIMIENTO DE EJECUCIÓN O ASUME SU INEXISTENCIA, ASÍ COMO LAS CONSECUENCIAS DE QUE SUS PUJAS NO SUPEREN LOS PORCENTAJES DEL TIPO DE SUBASTA ESTABLECIDO EN EL ARTÍCULO 670. ADEMÁS SE SEÑALARÁ QUE LAS CARGAS, GRAVÁMENES Y ASIENTOS ANTERIORES AL CRÉDITO DEL ACTOR, CONTINUARAN SUBSISTENTES Y QUE, POR EL SOLO ECHO DE PARTICIPAR EN LA SUBASTA, EL LICITADOR LOS ADMITE.;
SUBASTA SUB-JA-2019-122440;Lote 3;1.100,00 €;1999-12-03;No consta;;Se encuentra depositado en C/ Valencia, nº18 de Banyoles y las llaves y la documentación depositados en este SCPE Social;;;WFOLXXGBVLXM66300;BA4586AD;Ford;;1;Sin tramos;;Vehiculo marca Ford modelo Transit matrícula BA4586AD;Transit;;55,00 €;Sin puja mínima;;;;1.100,00 €;;;SEGÚN EL ARTÍCULO 668.2 PARRAFO SEGUNDO SE ENTENDERÁ QUE TODO LICITADOR ACEPTA COMO BASTANTE LA TITULACIÓN EXIXTENTE EN EL PRCEDIMIENTO DE EJECUCIÓN O ASUME SU INEXISTENCIA, ASÍ COMO LAS CONSECUENCIAS DE QUE SUS PUJAS NO SUPEREN LOS PORCENTAJES DEL TIPO DE SUBASTA ESTABLECIDO EN EL ARTÍCULO 670. ADEMÁS SE SEÑALARÁ QUE LAS CARGAS, GRAVÁMENES Y ASIENTOS ANTERIORES AL CRÉDITO DEL ACTOR, CONTINUARAN SUBSISTENTES Y QUE, POR EL SOLO ECHO DE PARTICIPAR EN LA SUBASTA, EL LICITADOR LOS ADMITE.;
SUBASTA SUB-JA-2017-84491;Lote 1;2.742.075,00 €;;No consta;Registro de la Propiedad de Figueres, finca de Vilamalla núm .2122 inscrita en el folio 189, tomo 3364, libro 41;;17469;No consta;;;;;1;Sin tramos;Gerona;PARCELA L,. Tiene una superficie de 20.605 m2;;8150601DG9785S0001YM;137.103,75 €;Sin puja mínima;Parcela L, Poligono Ind. CM3 Subsector A;;No;2.742.075,00 €;vilamalla;;;
SUBASTA SUB-JA-2017-84491;Lote 2;3.085.425,00 €;;No consta;Registro de la Propiedad de Figueres, finca de Vilamalla núm. 2125, inscrita al folio 198, tomo 3364, libro 41;;17469;No consta;;;;;1;Sin tramos;Gerona;URBANA. PARCELA L. Tiene una superficie de 26.753 m2;;8248401DG9784N0001KZ;154.271,25 €;Sin puja mínima;Parcela N poligono Ind. CM3 Subsector A;;No;3.085.425,00 €;vilamalla;;;
SUBASTA SUB-JA-2016-4475;Lote 1;;;Sí;REGISTRO DE LA PROPIEDAD NÚM. 2 DE ROSES, TOMO 2812, LIBRO 311, FOLIO 175;;17486;Sin ocupantes;;;;;;;Gerona;URBANA, CASA DE PLANTA BAJA Y DOS PISOS;;6389104EG0768N0001YO;;;TRAVESIA DEL CONSOL, 4;;No;;CASTELLÓ D'EMPÚRIES;;SEGUN CONSTA;
SUBASTA SUB-JA-2019-120032;Lote 1;;;No consta;;;17258;No consta;;;;17007000342338;1;0,00 €;Gerona;Según certificación registral adjuntada.;;;6.782,24 €;67.822,39 €;Complex "Escalada", planta baixa-Bloc A-L'ESTARTIT;;No;135.644,77 €;TORROELLA DE MONTGRÍ;;;
SUBASTA SUB-JA-2019-120032;Lote 2;;;No consta;;;08930;No consta;;;;;1;0,00 €;Barcelona;Según certificación registral adjuntada.;;5058813DF3855G0438YD;5.500,10 €;77.001,41 €;C/ de Mart, 22, 3r-2a;;Sí;110.002,02 €;SANT ADRIÀ DEL BESÒS;;;
SUBASTA SUB-JC-2018-11078;Lote 1;;;Sí;;;17244;No consta;;;;17011000251811;;;Gerona; MITAD INDIVISA DE VIVIENDA UNIFAMILIAR AISLADA ;;9371605DG8397S0001XY;;;C/ Joaquim Jubert 3 ;;;;Cassà de la Selva;;LA MITAD INDIVISA SE SUBASTA CON SUBSISTENCIA DE LA HIPOTECA;
SUBASTA SUB-JC-2019-121910;Lote 1;;;No consta;;;17600;No consta;;;;17008000067047;1;Sin tramos;Gerona;PIEZA DE TIERRA CAMOA SITUADA EN FIGUERES DE EXTENSIÓN APROXIMADA UNA VESANA;;;5.725,53 €;Sin puja mínima;Carretera vecinal GIV 6211;;;114.510,53 €;Figueres;;;
SUBASTA SUB-JC-2019-121910;Lote 2;;;No consta;;;17600;No consta;;;;17008000740872;1;Sin tramos;Gerona;URBANA-PUERTA 36 DE LA OCTAVA PLANTA ALTA O NOVENA CONTANDO LA BAJA COMO PRIMERA, DESIGNADA COMO OCTAVO CUARTA DEL EDIFICIO LETRA D DE LA CALLE DOCTOR PASTEUR;;;4.927,46 €;Sin puja mínima;Doctor Pasteur 36E 8-4;;;98.549,17 €;Figueres;;;
SUBASTA SUB-JC-2019-121910;Lote 3;;;No consta;;;17003;No consta;;;;17009000020490;1;Sin tramos;Gerona;URBANA.UNO. LOCAL EN LA PLANTA BAJA DE LA CASA SITA EN GIRONA, CALLE ANTICH ROCA 19 DE TRESCIENTOS METROS CUADRADOS Y SETENTA Y TRES DECÍMETROS CUADRADOS;;;15.112,84 €;Sin puja mínima;C/ Antich Roca 19 bajo;;;302.256,79 €;Girona;;;
SUBASTA SUB-JC-2019-121910;Lote 4;;;No consta;;;17469;No consta;;;;17008000579588;1;Sin tramos;Gerona;RÚSTICA.- PIEZA DE TIERRA OLIVAR DENOMINADA CASETA SERRA DEL TÉRMINO DE VILAMALLA DE EXTENSIÓN APROXIMADA TRES VESANAS;;;34.342,28 €;Sin puja mínima;Parcelas 9 y 10 polígono 1 de Vilamalla;;;686.845,69 €;Vilamalla;;;
SUBASTA SUB-JC-2019-121910;Lote 5;;;No consta;;;17469;No consta;;;;17008000577904;1;Sin tramos;Gerona;RÚSTICA.- PIEZA DE TIERRA CAMPO EN EL TERRITORIO CONOCIDO COMO CASETA SERRA DEL TÉRMINO DE VILAMALLA, DE EXTENSIÓN APROXIMADA TRES VESANAS;;;34.342,28 €;Sin puja mínima;Parcelas 9 y 10 polígono 1 de Vilamalla;;;686.845,69 €;Vilamalla;;;
SUBASTA SUB-JC-2019-121910;Lote 6;;;No consta;;;17600;No consta;;;;17008000808541;1;Sin tramos;Gerona;URBANA ANTES RÚSTICA.- PIEZA DE TIERRA EN EL TÉRMINO MUNICIPAL DE FIGUERES TERRITORIO CEMENTIRI VELL O TERRES NEGRES, HOY CALLE PASTORA;;;39.415,78 €;Sin puja mínima;C/ La Pastora;;;788.315,55 €;Figueres;;;
SUBASTA SUB-JC-2019-121910;Lote 7;;;No consta;;;17600;No consta;;;;17008000601883;1;Sin tramos;Gerona;URBANA-FINCA NÚMERO 9-PARCELA DE TERRENO EN LA UNIDAD DE ACTUACIÓN CARRER RAMON MANDRI EN FIGUERES ;;;54.846,87 €;Sin puja mínima;C/Mandri 14;;;1.096.937,40 €;Figueres ;;;
SUBASTA SUB-JC-2019-121910;Lote 8;;;No consta;;;17600;No consta;;;;17008001222025;1;Sin tramos;Gerona;URBANA.- ENTIDAD NÚMERO NUEVE-PLAZA DE APARCAMIENTO IDENTIFICADA CON EL NÚMERO NUEVE UBICADA EN LA PLANTA SUBTERRANEA DEL EDIFICIO SITUADO EN FIGUERES, CALLE ROCABERTI NÚMERO 37;;;605,71 €;Sin puja mínima;C/Rocabertí 37 parquing 9;;;12.114,21 €;Figueres;;;
SUBASTA SUB-JA-2018-11344;Lote 1;;;No consta;Finca 589, inscrita al tomo 3273, libro 43, folio 20 del Registro de la Propiedad de Figueres;;17742;No consta;;;;;;;Gerona;CONSTA EN CERTIFICACIÓN;;2979114DG9727N0001EW;;;c/ la Bòveda o Volta, 6 (abans 9);;Sí;;AVINYONET DE PUIGVENTÓS;;CONSTAN EN ANEXO;
SUBASTA SUB-JA-2019-12027;Lote 1;;;No consta;FINCA NUMERO 1727;;17538;No consta;;;;17005000353729;;;Gerona;FINCA URBANA;;;;;CALLE MAYOR, NUMERO6, BLOQUE B, CONOCIDA COMO HUERTO DE CAL FORGA, DE SANABASTRE;;No;;DAS;LA FINCA NO ESTA COORDINADA GRAFICAMENTE CON EL CATASTRO. NO ES POSIBLE CERTIFICAR EN EL MOMENTO ACTUAL LA EXISTENCIA DE OTROS OCUPANTES DISTINTOS DEL EJECUTADO;;
SUBASTA SUB-JA-2019-11677;Lote 1;;;No consta;;;17001;No consta;;;;;;;Gerona;FINCA 11686;;;;;PLAZA TOMAS BARAUT 2,2,2;;;;GIRONA;;;
SUBASTA SUB-JA-2019-121747;Lote 1;;;No consta;;;17100;No consta;;;;17007000611304;1;Sin tramos;Gerona;Según certificación registral adjunta.;;;889,67 €;8.896,65 €;C/ Ramon Serradell // Av. Josep Tarradellas;;No;17.793,30 €;LA BISBAL D'EMPORDÀ;;;
SUBASTA SUB-JA-2019-121747;Lote 2;;;No consta;;;17100;No consta;;;;17007000611311;1;Sin tramos;Gerona;Según certificación registral adjunta.;;;889,67 €;8.896,65 €;C/ Ramon Serradell // Av. Josep Tarradellas;;No;17.793,30 €;LA BISBAL D'EMPORDÀ;;;
SUBASTA SUB-JA-2019-121747;Lote 3;;;No consta;;;17100;No consta;;;;17007000611328;1;Sin tramos;Gerona;Según certificación registral adjunta.;;;889,67 €;8.896,65 €;C/ Ramon Serradell // Av. Josep Tarradellas;;No;17.793,30 €;LA BISBAL D'EMPORDÀ;;;
SUBASTA SUB-JA-2019-121747;Lote 4;;;No consta;;;17100;No consta;;;;17007000611335;1;Sin tramos;Gerona;Según certificación registral adjunta.;;;889,67 €;8.896,65 €;C/ Ramon Serradell // Av. Josep Tarradellas;;No;17.793,30 €;LA BISBAL D'EMPORDÀ;;;
SUBASTA SUB-JA-2019-121747;Lote 5;;;No consta;;;17100;No consta;;;;17007000611342;1;Sin tramos;Gerona;FINCA REGISTRAL NÚM. 9.292-LA BISBAL D'EMPORDÀ;;;889,67 €;8.896,65 €;C/ Ramon Serradell // Av. Josep Tarradellas;;No;17.793,30 €;LA BISBAL D'EMPORDÀ;;;
SUBASTA SUB-JA-2019-121747;Lote 6;;;No consta;;;17100;No consta;;;;17007000611359;1;Sin tramos;Gerona;Según certificación registral adjunta.;;;889,67 €;8.896,65 €;C/ Ramon Serradell // Av. Josep Tarradellas;;No;17.793,30 €;LA BISBAL D'EMPORDÀ;;;
SUBASTA SUB-JA-2019-121747;Lote 7;;;No consta;;;17100;No consta;;;;17007000611366;1;Sin tramos;Gerona;Según certificación registral adjunta.;;;889,67 €;8.896,65 €;C/ Ramon Serradell // Av. Josep Tarradellas;;No;17.793,30 €;LA BISBAL D'EMPORDÀ;;;
SUBASTA SUB-JA-2019-121747;Lote 8;;;No consta;;;17100;No consta;;;;17007000611373;1;Sin tramos;Gerona;Según certificación registral adjunta.;;;889,67 €;8.896,65 €;C/ Ramon Serradell // Av. Josep Tarradellas;;Sí;17.793,30 €;LA BISBAL D'EMPORDÀ;;;
SUBASTA SUB-JA-2019-121747;Lote 9;;;No consta;;;17100;No consta;;;;17007000611380;1;Sin tramos;Gerona;Según certificación registral adjunta.;;;889,67 €;8.896,65 €;C/ Ramon Serradell // Av. Josep Tarradellas;;No;17.793,30 €;LA BISBAL D'EMPORDÀ;;;
SUBASTA SUB-JA-2019-121747;Lote 10;;;No consta;;;17100;No consta;;;;17007000611632;1;Sin tramos;Gerona;Según certificación registral adjunta.;;;3.849,51 €;38.495,10 €;Av. Josep Tarradellas (local B2-planta 1a-escala B);;No;76.990,20 €;LA BISBAL D'EMPORDÀ;;;
SUBASTA SUB-JA-2018-10714;Lote 1;;;No consta;;;17003;No consta;;;;;;;Gerona;Sita en Girona Avinguda Lluis Pericot núm 64-66;;;;;Avinguda Lluis Pericot núm 64-66;;;;girona;;;
SUBASTA SUB-JA-2019-117776;Lote 1;;;Sí;;;17005;No consta;;;;;1;3.211,44 €;Gerona;REGISTRE DE LA PROPIETAT 4 GIRONA;;;8.028,60 €;Sin puja mínima;C/ JOAN VALENTI, 24, ESC. D, 1-3;;No;160.572,03 €;GIRONA;;;
SUBASTA SUB-JA-2019-117776;Lote 2;;;No consta;;;17410;No consta;;;;;1;3.195,69 €;Gerona;REGISTRO DE LA PROPIEDAD DE SANTA COLOMA DE FARNERS;;;7.989,23 €;Sin puja mínima;C/ ESTE, 1. ESC. A, 1º 3ª ;;No;159.784,68 €;SILS;;;
SUBASTA SUB-JA-2019-117776;Lote 3;;;No consta;;;17411;No consta;;;;;1;4.677,01 €;Gerona;REGISTRO DE LA PROPIEDAD SANTA COLOMA DE FARNERS;;;11.692,54 €;Sin puja mínima;PARCELA 37. URB. PUIGVENTO,;;No;233.850,93 €;VIDRERES;;;
SUBASTA SUB-JA-2019-117776;Lote 4;;;No consta;;;17005;No consta;;;;;1;312,64 €;Gerona;PLAÇA DE PARQUING;;;781,61 €;Sin puja mínima;C/ SANTA EUGENIA, 116-118;;No;15.632,38 €;GIRONA;;;
SUBASTA SUB-JA-2019-11796;Lote 1;;;No consta;REGISTRO DE LA PROPIEDAD DE L'ESCALA, AL TOMO 2647, LIBRO 355, FOLIO 147 ;;17130;No consta (ESCRITURA PÚBLICA FORMALIZADA ANTE NOTARIO);;;;;;;Gerona;FINCA 18470;;0134303EG1603S0001LU;;;c/ Muntanya Rodona, 58 ;;Sí;;L'ESCALA;URBANA parcel·la i casa unifamiliar, situada a l'Escala, Urb. Camp dels             Pilans, c/ Muntanya Rodona, 58 - cantonada c/ Camp dels Pilans, 36;CONSTAN EN CERTIFICACIÓN  DE CARGAS ;
SUBASTA SUB-JA-2019-12144;Lote 1;;;No consta;;;17539;No consta;;;;17005000185412;;;Gerona;PARCELA SOLAR;;7770122DG0977S0001GQ;;;PARCELA NÚM. 2 DEL VIA DE LES ESPIRALTES;;;;BOLVIR;LA SITUACIÓN POSESORIA DEL INMUEBLE SEGUN EL ACTUAL MOMENTO PROCESAL DEL EXPEDIENTE JUDICIAL, RESULTA DESCONOCIDA;;
SUBASTA SUB-JA-2019-121652;Lote 1;35.503,69 €;;No consta;;;08203;No consta;;;;;1;1.000,00 €;Barcelona;FINCA 36994;;5802802DG2050B0005BJ;1.775,18 €;17.751,18 €;SABADELL;;;35.503,69 €;SABADELL;;VEASE CERTIFICACION;
SUBASTA SUB-JA-2019-121652;Lote 2;15.252,89 €;;No consta;;;17252;No consta;;;;;1;1.000,00 €;Gerona;1/4 PARTE FINCA 11856 DEL REGISTRO DE LA PROPIEDAD DE SANT FELIU DE GUÍXOLS;;5588101EG0258H0016EU;762,64 €;7.626,45 €;PARAJE PALANCA O ESTANY;;;15.252,89 €;CASTELL PLATJA D'ARO;;VEASE CERTIFICACION;
SUBASTA SUB-JA-2019-12166;Lote 1;;;No consta;;;17246;No consta;;;;17017000337623;;;Gerona;consta en el edicto y en la certificación;;;;;parcela cero vuit illa ;;;;SANTA CRISTINA DE ARO;;en la certificación ;
SUBASTA SUB-JA-2019-12168;Lote 1;;;No consta;;;17251;No consta;;;;17015000117733;;;Gerona;PIEZA DE TIERRA, DE CABIDA DE 1314,4 M2, EN LA QUE RADICA UNA CASA SIN NUMERAR DE CUATRO CUERPOS  Y UN PISO, CON POZO Y ALGIBE;;6543601EG0364S0001BZ;;;C/ JOSE VILASECA 51;;No;;CALONGE;;;
SUBASTA SUB-JA-2019-12172;Lote 1;;;No consta;;;17412;No consta;;;;;;;Gerona;SEGUN PDF;;5346213DG7254N0001AY;;;Calle Empordà, nº 108;;Sí;;MAÇANET DE LA SELVA;;;
SUBASTA SUB-RC-2019-17430001529;Lote 1;;;Sí;Finca 5294;;17430;No consta;;;;17018000327287;;;Gerona;RBANA: PORCION DE TERRENO o parcela, sita en la Urbanización Santa Coloma Residencial, señalada de número CINCO MIL CIENTO TREINTA Y DOS, del término municipal de SANTA COLOMA DE FARNERS. Tiene una extensión superficial de ochocientos treinta y siete metros, sesenta y seis decímetros cuadrados, equivalentes a veintidós mil ciento setenta y un palmos diez décimos de palmo cuadrados. LINDA por su frente Sur, con vial de la urbanización, por al derecha entrando Este, con vial de la urbanización, a la izquierda entrando Oeste, con la parcela cinco mil ciento treinta y uno, y por el fondo Norte, con la parcela cinco mil ciento veintidós.              Le corresponde la referencia catastral 5857902DG7355N0001DT             VOLUM 1725  LLIBRE 139 DE SANTA COLOMA DE FARNERS  FOLI 65  FINCA 5294             URBANA: PORCION DE TERRENO, o parcela, sita en la Urbanización Santa Coloma Residencial, señalada de número CINCO MIL CIENTO CINCUENTA Y SEIS, del término municipal de Santa Coloma de Farners. Tiene una extensión superficial de ochocientos metros cuadrados, equivalentes a veintiún mil ciento setenta y cuatro palmos, treinta y dos décimos de palmo cuadrados. LINDA por su frente Oeste, con vial de la urbanización, por la derecha entrando Sur, con la parcela cinco mil ciento cincuenta y siete, a la izquierda entrando Norte, con la parcela cinco mil ciento cincuenta y cinco, y por su fondo Este, con Cristina Navarro o sucesores.;;5758113DG7355N0001BT;;;Pintor Fortuny, 25;;;;Santa Coloma de Farners;tomo 1725 libro 139 folio 65;No hay;
SUBASTA SUB-JA-2018-109136;Lote 1;587.642,00 €;;No consta;Finca nº 2052, del Registro de la Propiedad nº 2 de Lloret de Mar, Tomo 3126,Libro 35, Folio 94 de Lloret de Mar;;17310;No consta;;;;;1;11.752,84 €;Gerona;C/ Oslo nº 22 de Lloret de Mar;;;29.382,10 €;Sin puja mínima;C/ OSLO Nº 22;;;587.642,00 €;LLORET DE MAR;;CERTIFICADO CARGAS OBRA EN AUTOS;
SUBASTA SUB-JA-2018-109136;Lote 2;543.300,00 €;;No consta;Finca número 2053 del Registro de la Propiedad nº 2 de Llore de Mar, tomo 3126,libro 35, folio 97 de Lloret de Mar;;17310;No consta;;;;;1;10.866,00 €;Gerona;C/ Oslo número 24 de Lloret de Mar;;;27.165,00 €;Sin puja mínima;C/ OSLO Nº 24;;;543.300,00 €;LLORET DE MAR;;CERTIFICADO CARGAS OBRA EN AUTOS;
SUBASTA SUB-JA-2018-109136;Lote 3;543.300,00 €;;No consta;Finca número 2024 del Registro de la Propiedad nº 2 de Lloret de Mar, tomo 3123, libro 34, folio 221 de Lloret de Mar;;17310;No consta;;;;;1;10.866,00 €;Gerona;C/ OSLO Nº 26 de Lloret de Mar;;;27.165,00 €;Sin puja mínima;C/ OSLO Nº 26;;;543.300,00 €;LLORET DE MAR;;CERTIFICADO CARGAS OBRA EN AUTOS;
SUBASTA SUB-JA-2017-7903;Lote 1;;;No consta;;;17118;No consta;;;;17007000276053;;;Gerona;SEGUN CERTIFICACIÓN ADJUNTA;;;;;MAS SABALLS NÚM. 17;;Sí;;SANT SADURNÍ DE L'HERURA;;SEGUN CERTIFICACIÓN ADJUNTA;
SUBASTA SUB-JA-2018-10360;Lote 1;;;No consta;;;17242;No consta;;;;;;;Gerona;"URBANA. DEPARTAMENTO NÚMERO VEINTICUATRO. VIVIENDA             PUERTA LETRAD D en la planta segunda y bajo cubierta, tipo dúplex, comunicada             interiormente, mediante escalera, del edificio, en construcción, sito en Quart, Carretera             de Girona, número 63. Tiene una superficie total construida de ochenta metros treinta y             ocho decímetros cuadrados (80,32 m2). Consta de las dependencias propias de una vivienda. Linda, en junto: al frente, zona de acceso común, ascensor y caja de la             escalera, a la drecha entrando, convivienda puerta letra C de la misma planta, a la             izquierda, con vivienda puerta letra E de la misma planta, y al fondo, con vuelo de resto             de finca de que procede.;;;;;CARRETERA DE QUART Nº 63;;Sí;;QUART;;SEGÚN CERTIFICACIÓN CARGAS EN PDF;
SUBASTA SUB-JA-2019-11075;Lote 1;;;No consta;;;17200;No consta;;;;;;;Gerona;Vivienda en piso tercero,             puerta tercera, del edificio sito en el término municipal de Palafrugell (Girona), con frente             a calle Emilia Pardo Bazan, donde obtiene el núm. Cinco de demarcación, con acceso             tal vivienda por la escalera dos. De superfície construida sin repercusión de servicios,             SETENTA Y SEIS METROS, SETENTA Y SEIS DECÍMETROS CUADRADOS.;;;;;Emilia Pardo Bazan, 5 3º 3ª;;;;PALAFRUGELL;;;
SUBASTA SUB-JA-2019-12071;Lote 1;;;No consta;;;17006;No consta;;;;;;;Gerona;SEGÚN PDF;;4275912DG8447E0004DB;;;Calle Atlántida nº13 1º-2ª;;No;;Girona;;;
SUBASTA SUB-JA-2018-11549;Lote 1;;;No consta;;;17490;No consta;;;;;;;Gerona;Casa de planta baja y un piso, más patio anexo, en Urb. Lladonés, c/ Olot, 10 de Llançà. Tiene una superfície en junto de 656 m2, de los 144 m2 corresponden a la casa y el resto al patio;;;;;calle Olot, 10;;;;Llançà;;;
SUBASTA SUB-JA-2018-115078;Lote 1;30.360,00 €;;No consta;;;17310;No consta;;;;;1;607,20 €;Gerona;Calle Narcís Macià i Domènech nº 1 Puerta sexta de Lloret de Mar.Local comercial en planta baja;;6064701DG8166S084FE;1.518,00 €;Sin puja mínima;C/ Narcís Macià i Domènech nº 1 puerta sexta;;;30.360,00 €;Lloret de Mar;;CERTIFICADO CARGAS OBRA EN AUTOS;
SUBASTA SUB-JA-2018-115078;Lote 2;13.187,82 €;;No consta;;;17310;No consta;;;;;1;263,75 €;Gerona;Local en planta baja nº 3 en Lloret de Mar, calles Valentí Almirall, Costa de Carbonell y Pere Codina i Mont;;6266702DG8166N0032ER;659,39 €;Sin puja mínima;c/ Valentí Almirall, Costa Carbonell y Pere Codina i Mont;;;13.187,82 €;Lloret de Mar;;CERTIFICADO CARGAS OBRA EN AUTOS;
SUBASTA SUB-JA-2018-115078;Lote 3;49.680,00 €;;No consta;;;17310;No consta;;;;;1;993,60 €;Gerona;En manzana formada por las calles Valentí Almirall, Costa de Carbonell, Pere Codina i Mont, en Lloret de Mar, sector Fenals;;6266702DG8166N0031WE;2.484,00 €;Sin puja mínima;Calles Valentí Almirall, Costa de Carbonell y Pere Codina i Mont;;;49.680,00 €;Lloret de Mar;;CERTIFICADO CARGAS OBRA EN AUTOS;
SUBASTA SUB-NE-2019-32608;Lote 1;;;No;;;;Sin ocupantes;;;;;;;Gerona;casa unifamiliar;;;;;carrer Barcelona, 49;;No;;Sils;;;
SUBASTA SUB-JA-2019-12083;Lote 1;;;No consta;Finca nº 7425, tomo 1822, libro 191, folio 49 del Registro de la Propiedad de Sant Feliu de Guixols;;17220;No consta;;;;17017000402604;;;Gerona;Edificio unifamiliar sito en calle Murcia 17 de Sant Feliu de Guixols;;2367301EG0226N0001HE;;;calle Murcia 17;;Sí;;Sant Feliu de Guixols;;;
SUBASTA SUB-JA-2019-12066;Lote 1;;;No consta;;;17240;No consta;;;;17009000272295;;;Gerona;URBANA: Casa planta baja, cubierta por tejado , cntiene una vivienda, distribuïda en diverses habitacions, y dependències, y un garaje.;;;;;c/Circunval.lació, 323-Urb.Selva Brava, parcela nº54-66 y 56 en la manzana S;;Sí;;LLAGOSTERA;;;
SUBASTA SUB-JA-2019-11959;Lote 1;;;No consta;Finca registral num. 6035. REGISTRO PROPIEDAD DE LA BISBAL D'EMPORDA (GIRONA). INSCRIPCIO 9. Inscripción 2941, Libro 373;;17257;Ocupantes sin derecho de permanencia;;;;17007000476095;;;Gerona;Vivienda situada en C. Catala num. 9 de L'ESTARTIT (GIRONA);;6562611EG1566S0001PI;;;C. Catala num. 9;;No;;Torroella de Montgri;;;
SUBASTA SUB-JA-2019-120950;Lote 1;;;No consta;;;17100;No consta;;;;;1;333,18 €;Gerona;SEGÚN PDF ADJUNTO;;;832,95 €;Sin puja mínima;Av. Josep Irla, 22, sótano;;No;16.659,00 €;LA BISBAL D'EMPORDÀ;;;
SUBASTA SUB-JA-2019-120950;Lote 2;;;No consta;;;17100;No consta;;;;;1;333,18 €;Gerona;SEGÚN PDF ADJUNTO;;;832,95 €;Sin puja mínima;Av. Josep Irla, 22, sótano;;No;16.659,00 €;LA BISBAL D'EMPORDÀ;;;
SUBASTA SUB-JA-2019-120950;Lote 3;;;No consta;;;17100;No consta;;;;;1;333,18 €;Gerona;SEGÚN PDF ADJUNTO;;;832,95 €;Sin puja mínima;Av. Josep Irla, 22, sótano;;No;16.659,00 €;LA BISBAL D'EMPORDÀ;;;
SUBASTA SUB-JA-2019-120950;Lote 4;;;No consta;;;17100;No consta;;;;;1;333,18 €;Gerona;SEGÚN PDF ADJUNTO;;;832,95 €;Sin puja mínima;Av. Josep Irla, 22, sótano;;No;16.659,00 €;LA BISBAL D'EMPORDÀ;;;
SUBASTA SUB-JA-2019-120950;Lote 5;;;No consta;;;17100;No consta;;;;;1;333,18 €;Gerona;SEGÚN PDF ADJUNTO;;;832,95 €;Sin puja mínima;Av. Josep Irla, 22, sótano;;No;16.659,00 €;LA BISBAL D'EMPORDÀ;;;
SUBASTA SUB-JA-2019-120950;Lote 6;;;No consta;;;17100;No consta;;;;;1;333,18 €;Gerona;SEGÚN PDF ADJUNTO;;;832,95 €;Sin puja mínima;Av. Josep Irla, 22, sótano;;No;16.659,00 €;LA BISBAL D'EMPORDÀ;;;
SUBASTA SUB-JA-2019-120950;Lote 7;;;No consta;;;17100;No consta;;;;;1;2.361,21 €;Gerona;SEGÚN PDF ADJUNTO;;;5.903,02 €;Sin puja mínima;Av. Josep Irla, 22, bajos, Local 1;;No;118.060,50 €;LA BISBAL D'EMPORDÀ;;;
SUBASTA SUB-JA-2019-120950;Lote 8;;;No consta;;;17100;No consta;;;;;1;2.252,67 €;Gerona;SEGÚN PDF ADJUNTO;;;5.631,67 €;Sin puja mínima;Av. Josep Irla, 22, bajos, Local 4;;No;112.633,50 €;LA BISBAL D'EMPORDÀ;;;
SUBASTA SUB-JA-2019-120950;Lote 9;;;No consta;;;17100;No consta;;;;;1;2.632,62 €;Gerona;SEGÚN PDF ADJUNTO;;;6.581,55 €;Sin puja mínima;Av. Josep Irla, 22, bajos, Local núm. 5;;No;131.631,00 €;LA BISBAL D'EMPORDÀ;;;
SUBASTA SUB-JA-2019-120950;Lote 10;;;No consta;;;17100;No consta;;;;;1;3.311,10 €;Gerona;SEGÚN PDF ADJUNTO;;;8.277,75 €;Sin puja mínima;Av. Josep Irla, 22, bajos, Local núm. 7;;No;165.555,00 €;LA BISBAL D'EMPORDÀ;;;
SUBASTA SUB-JA-2019-12084;Lote 1;;;No;;;17251;No consta;;;;17015000212513;;;Gerona;PARCELA TERRENO ,sobre la cual se ha efectuado la construcción de una casa vivienda de superfície total 93,67m,situada en calle Roma nº 42 Vizcondado de Cabanyes (Calonge);;;;;calle Roma 42;;;;CALONGE;;;
SUBASTA SUB-JA-2019-11802;Lote 1;;;No consta;;;17310;No consta;;;;17013000044974;;;Gerona;C/ VALENCIA Nº 50 casa en Urbanización Los Pinares de Lloret de Mar;;5602411DG8020S0001QR;;;C/ VALENCIA Nº 50;;;;Lloret de Mar;;;
SUBASTA SUB-JA-2016-614;Lote 1;;;No consta;;;17310;No consta;;;;;;;Gerona;Vivienda unifamiliar aislada en término de Lloret de Mar parcela V- veintiocho de la Urbanización Lloret Residencial. Avda de la Senyera nº 51 .;;;;;AVDA. DE LA SENYERA Nº 51;;Sí;;LLORET DE MAR;;;
SUBASTA SUB-JA-2019-120250;Lote 1;624.800,00 €;;Sí;Registro de la Propiedad de Sant Feliu de Guíxols, al Tomo 3270, Libro 535 de Castell d'Aro, folio 86;;17250;No consta;;;;17017000268989;1;Sin tramos;Gerona;vivienda unifamiliar;;;31.240,00 €;312.400,00 €;C/ Rocacorba;;No;624.800,00 €;Castell-Platja d'Aro;;;
SUBASTA SUB-JA-2019-120250;Lote 2;628.500,00 €;;Sí;Inscrita en el Registro de la Propiedad de Sant Feliu de Guíxols, al Tomo 3270, Libro 535 de Castell d'Aro, folio 96;;17250;No consta;;;;17017000268996;1;1.000,00 €;Gerona;Vivienda unifamiliar;;;31.425,00 €;314.250,00 €;C/ Rocacorba;;No;628.500,00 €;Castell-Platja d'Aro;;;
SUBASTA SUB-JA-2019-120250;Lote 3;617.500,00 €;;Sí;inscrita en el Registro de la Propiedad de Sant Feliu de Guíxols, al Tomo 3270, libr 535 de Castell d'Aro, folio 92;;17250;No consta;;;;17017000269009;1;1.000,00 €;Gerona;Vivienda unifamiliar;;;30.875,00 €;308.750,00 €;C/ Rocacorba;;No;617.500,00 €;Castell-Platja d'Aro;;;
SUBASTA SUB-JA-2019-120250;Lote 4;611.700,00 €;;Sí;inscrita en el Registro de la Propiedad de Sant Feliu de Guíxols, al Tomo 3270, libro 535 de Castell d'Aro, folio 95;;17250;No consta;;;;17017000269016;1;1.000,00 €;Gerona;Vivienda unifamiliar;;;30.585,00 €;305.850,00 €;C/ Rocacorba;;No;611.700,00 €;Castell-Platja d'Aro;;;
SUBASTA SUB-JA-2019-12030;Lote 1;;;No consta;;;17455;No consta;;;;;;;Gerona;FINCA 2638;;;;;C/ VALLES 4, AIGUES BONES;;;;CALDES DE MALAVELLA;;;
SUBASTA SUB-JA-2019-12046;Lote 1;;;No consta;finca registral núm. 16846 del término municipal de             Castelló d'Empúries, en foli 56 vuelto del tomo 2992, libro 398, inscripció 9a. Registre de la Propiedad núm.2 de Roses;;17487;No consta;;;;;;;Gerona;ENTIDAD 49.- PISO CUARTO NÚMERO CUATRO, sito en             la cuarta planta alta, con acceso por la escalera B, del, edificio denominado “INMO             NAUTIC I”, en el Sector Club Náutico de la Urb. Ampuriabrava del término de Castelló             d'Empúries. Tiene un a superficie de 37,60 m2, más 5,78 m2 de terraza y consta de recibidor, cocina comedor estar, un dormitorio y baño.;;;;;Edif. Inmo Nautic, 1, 4-4, esc. B Empuriabrava;;No;;Castelló d'Empúries;;;
SUBASTA SUB-NE-2019-34592;Lote 1;;;No;Olot, tomo 1710, libro 736, folio 84, finca 31719;;17800;Ocupantes con derecho de permanencia;;;;;;;Gerona;Vivienda dúplex, Sup. útil 74'25 m2;;6890411DG5669S0045DH;;;Olot, plaza Pius XII, nº 14, 3º B;;No;;Olot;;HIPOTECA QUE SE EJECUTA Y OTRAS POSTERIORES;
SUBASTA SUB-JA-2018-99981;Lote 1;190.020,00 €;;No consta;;;17220;No consta;;;;;1;100,00 €;Gerona;EN SANT FELIU DE GUIXOLS;;;9.501,00 €;95.010,00 €;RONDA LLEVANT, 1, ESC.1 PB 1;;;190.020,00 €;SANT FELIU DE GUIXOLS;;;
SUBASTA SUB-JA-2018-99981;Lote 2;236.757,00 €;;No consta;;;17220;No consta;;;;;1;100,00 €;Gerona;EN SANT FELIU DE GUIXOLS;;1873701EG0217S0037ZT;11.837,85 €;118.378,00 €;RONDA LLEVANT 1, ESC.1 PB 2;;;236.757,00 €;SANT FELIU DE GUIXOLS;;;
SUBASTA SUB-JA-2018-99981;Lote 3;170.200,00 €;;No consta;;;17220;No consta;;;;;1;100,00 €;Gerona;EN SFG;;1873701EG0217S0038XY;8.510,00 €;85.100,00 €;RONDA LLEVANT, 1, ESC. 1 1-1;;;170.200,00 €;SANT FELIU DE GUIXOLS;;;
SUBASTA SUB-JA-2018-99981;Lote 4;218.080,00 €;;No consta;;;17220;No consta;;;;;1;100,00 €;Gerona;EN SFG;;1873701EG0217S0039MU;10.904,00 €;109.040,00 €;RONDA LLEVANT, 1, ESC.1, 1-2;;;218.080,00 €;SANT FELIU DE GUIXOLS;;;
SUBASTA SUB-JA-2018-99981;Lote 5;170.200,00 €;;No consta;;;17220;No consta;;;;;1;100,00 €;Gerona;EN SFG;;1873701EG0217S0040ZT;8.510,00 €;85.100,00 €;RONDA LLEVANT, 1 ESC. 1, 2-1;;;170.200,00 €;SANT FELIU DE GUIXOLS;;;
SUBASTA SUB-JA-2018-99981;Lote 6;218.080,00 €;;No consta;;;17220;No consta;;;;;1;100,00 €;Gerona;EN SFG;;1873701EG0217S0041XY;10.904,00 €;109.040,00 €;RONDA LLEVANT, 1. ESC.1. 2-2;;;218.080,00 €;SANT FELIU DE GUIXOLS;;;
SUBASTA SUB-JA-2018-99981;Lote 7;17.200,00 €;;No consta;;;17220;No consta;;;;;1;100,00 €;Gerona;EN SFG;;1873701EG0217S0042MU;8.510,00 €;85.100,00 €;RONDA LLEVANT, 1, ESC.1, 3-1 ;;;170.200,00 €;SANT FELIU DE GUIXOLS;;;
SUBASTA SUB-JA-2018-99981;Lote 8;218.080,00 €;;No consta;;;17220;No consta;;;;;1;100,00 €;Gerona;EN SFG;;1873701EG0217S0043QI;10.904,00 €;109.040,00 €;RONDA LLEVANT, 1 ESC.1, 3-2;;;218.080,00 €;SANT FELIU DE GUIXOLS;;;
SUBASTA SUB-JA-2018-99981;Lote 9;;;No consta;;;17220;No consta;;;;;1;100,00 €;Gerona;EN SFG;;1873701EG0217S0044WO;10.298,25 €;102.982,00 €;RONDA LLEVANT, 2 ESC. 2, PB1;;;205.965,00 €;SANT FELIU DE GUIXOLS;;;
SUBASTA SUB-JA-2018-99981;Lote 10;189.517,00 €;;No consta;;;17220;No consta;;;;;1;100,00 €;Gerona;EN SFG;;;9.475,85 €;94.758,00 €;RONDA LLEVANT, 2, ESC. 2 PB2;;;189.517,00 €;SANT FELIU DE GUIXOLS;;;
SUBASTA SUB-JA-2018-99981;Lote 11;187.331,00 €;;No consta;;;17220;No consta;;;;;1;100,00 €;Gerona;EN SFG;;1873701EG0217S0046RA;9.366,55 €;93.665,00 €;RONDA LLEVANT, 2 ESC. 2,1-1;;;187.331,00 €;SANT FELIU DE GUIXOLS;;;
SUBASTA SUB-JA-2018-99981;Lote 12;171.478,00 €;;No consta;;;17220;No consta;;;;;1;100,00 €;Gerona;EN SFG;;1973701EG0217S0047TS;8.573,90 €;85.739,00 €;RONDA LLEVANT,2 ESC. 2 1-2;;;171.478,00 €;SANT FELIU DE GUIXOLS;;;
SUBASTA SUB-JA-2018-99981;Lote 13;172.079,00 €;;No consta;;;17220;No consta;;;;;1;100,00 €;Gerona;EN SFG;;1873701EG0217S0048YD;8.603,95 €;86.039,00 €;RONDA LLEVANT,2, ESC.2, 2-1;;;172.079,00 €;SANT FELIU DE GUIXOLS;;;
SUBASTA SUB-JA-2018-99981;Lote 14;171.478,00 €;;No consta;;;17220;No consta;;;;;1;100,00 €;Gerona;EN SFG;;1873701EG0217S0049UF;8.573,90 €;85.739,00 €;RONDA LLEVANT, 2, ESC. 2 2-2;;;171.478,00 €;SANT FELIU DE GUIXOLS;;;
SUBASTA SUB-JA-2018-99981;Lote 15;172.079,00 €;;No consta;;;17220;No consta;;;;;1;100,00 €;Gerona;EN SFG;;1873701EG0217S0050TS;8.603,95 €;86.039,00 €;RONDA LLEVANT,2, ESC.2 , 3-1;;;172.079,00 €;SANT FELIU DE GUIXOLS;;;
SUBASTA SUB-JA-2018-99981;Lote 16;171.478,00 €;;No consta;;;17220;No consta;;;;;1;100,00 €;Gerona;EN SFG;;1873701EG0217S0051YD;8.573,90 €;85.739,00 €;RONDA LLEVANT, 2 ESC. 2, 3-2;;;171.478,00 €;SANT FELIU DE GUIXOLS;;;
SUBASTA SUB-JA-2018-99981;Lote 17;189.517,00 €;;No consta;;;17220;No consta;;;;;1;100,00 €;Gerona;EN SFG;;1873701EG0217S0052UF;9.475,85 €;94.758,00 €;RONDA LLEVANT, 3, ESC. 3 PB1;;;189.517,00 €;SANT FELIU DE GUIXOLS;;;
SUBASTA SUB-JA-2018-99981;Lote 18;205.965,00 €;;No consta;;;17220;No consta;;;;;1;100,00 €;Gerona;EN SFG;;1873701EG0217S0053IG;10.298,25 €;102.982,00 €;RONDA LLEVANT, 3 ESC. 3, PB2;;;205.965,00 €;SANT FELIU DE GUIXOLS;;;
SUBASTA SUB-JA-2018-99981;Lote 19;171.478,00 €;;No consta;;;17220;No consta;;;;;1;100,00 €;Gerona;EN SFG;;1873701EG0217S0054OH;8.573,90 €;85.739,00 €;RONDA LLEVANT, 3, ESC. 3, 1-1;;;171.478,00 €;SANT FELIU DE GUIXOLS;;;
SUBASTA SUB-JA-2018-99981;Lote 20;187.331,00 €;;No consta;;;17220;No consta;;;;;1;100,00 €;Gerona;EN SFG;;1873701EG0217S0055PJ;9.366,55 €;93.665,00 €;RONDA LLEVANT, 3 ESC.3, 1-2;;;187.331,00 €;SANT FELIU DE GUIXOLS;;;
SUBASTA SUB-JA-2018-99981;Lote 21;171.478,00 €;;No consta;;;17220;No consta;;;;;1;100,00 €;Gerona;EN SFG;;1873701EG0217S0056AK;8.573,90 €;85.739,00 €;RONDA LLEVANT, 3, ESC.3, 2-1;;;171.478,00 €;SANT FELIU DE GUIXOLS;;;
SUBASTA SUB-JA-2018-99981;Lote 22;187.331,00 €;;No consta;;;17220;No consta;;;;;1;100,00 €;Gerona;EN SFG;;1873701EG0217S0057SL;9.366,55 €;93.665,00 €;RONDA LLEVANT, 3 ESC. 3, 2-2;;;187.331,00 €;SANT FELIU DE GUIXOLS;;;
SUBASTA SUB-JA-2018-99981;Lote 23;171.478,00 €;;No consta;;;17220;No consta;;;;;1;100,00 €;Gerona;EN SFG;;1873701EG0217S0058DB;8.573,90 €;85.739,00 €;RONDA LLEVANT,3 ESC. 3, 3-1;;;171.478,00 €;SANT FELIU DE GUIXOLS;;;
SUBASTA SUB-JA-2018-99981;Lote 24;187.331,00 €;;No consta;;;17220;No consta;;;;;1;100,00 €;Gerona;EN SFG;;1873701EG0217S0059FZ;9.366,55 €;93.665,00 €;RONDA LLEVANT 3, ESC.3, 3-2;;;187.331,00 €;SANT FELIU DE GUIXOLS;;;
SUBASTA SUB-JA-2018-99981;Lote 25;218.520,00 €;;No consta;;;17220;No consta;;;;;1;100,00 €;Gerona;EN SFG;;1873701EG0217S0060SL;10.926,00 €;109.260,00 €;RONDA LLEVANT,4, ESC.4 PB1;;;218.520,00 €;SANT FELIU DE GUIXOLS;;;
SUBASTA SUB-JA-2018-99981;Lote 26;174.013,00 €;;No consta;;;17220;No consta;;;;;1;100,00 €;Gerona;EN SFG;;1873701EG0217S0061DB;8.700,65 €;87.006,00 €;RONDA LLEVANT. 4 ESC. 4, PB 2;;;174.013,00 €;SANT FELIU DE GUIXOLS;;;
SUBASTA SUB-JA-2018-99981;Lote 27;218.080,00 €;;No consta;;;17220;No consta;;;;;1;100,00 €;Gerona;EN SFG;;1873701EG0217S0062FZ;10.904,00 €;109.040,00 €;RONDA LLEVANT, 4, ESC.4 1-1;;;218.080,00 €;SANT FELIU DE GUIXOLS;;;
SUBASTA SUB-JA-2018-99981;Lote 28;170.200,00 €;;No consta;;;17220;No consta;;;;;1;100,00 €;Gerona;EN SFG;;1873701EG0217S0063GX;8.510,00 €;85.100,00 €;RONDA LLEVANT, 4, ESC. 4, 1-2;;;170.200,00 €;SANT FELIU DE GUIXOLS;;;
SUBASTA SUB-JA-2018-99981;Lote 29;218.080,00 €;;No consta;;;17220;No consta;;;;;1;100,00 €;Gerona;EN SFG;;1873701EG0217S0064HM;10.904,00 €;109.040,00 €;RONDA LLEVANT, 4, ESC. 4, 2-1;;;218.080,00 €;SANT FELIU DE GUIXOLS;;;
SUBASTA SUB-JA-2018-99981;Lote 30;170.200,00 €;;No consta;;;17220;No consta;;;;;1;100,00 €;Gerona;EN SFG;;1873701EG0217S0065JQ;8.510,00 €;85.100,00 €;RONDA LLEVANT, 4, ESC.4, 2-2;;;170.200,00 €;SANT FELIU DE GUIXOLS;;;
SUBASTA SUB-JA-2018-99981;Lote 31;218.080,00 €;;No consta;;;17220;No consta;;;;;1;100,00 €;Gerona;EN SFG;;1873701EG0217S0066KW;10.904,00 €;109.040,00 €;RONDA LLEVANT, 4, ESC.4, 3-1;;;218.080,00 €;SANT FELIU DE GUIXOLS;;;
SUBASTA SUB-JA-2018-99981;Lote 32;170.200,00 €;;No consta;;;17220;No consta;;;;;1;100,00 €;Gerona;EN SFG;;1873701EG0217S0067LE;8.510,00 €;85.100,00 €;RONDA LLEVANT, 4, ESC.4, 3-2;;;170.200,00 €;SANT FELIU DE GUIXOLS;;;
SUBASTA SUB-JA-2019-12035;Lote 1;;;No consta;FINCA 8157, INSCRITA EN EL REGISTRO DE LA PROPIEDAD DE SANT FELIU DE GUÍXOLS TOMO 2819, LIBRO 338 DE CASTELL-PLATJA D'ARO FOLIO 195;;17250;No consta;;;;17017000073149;;;Gerona;APARTAMENTO DE 67,41 METROS CUADRADOS;;5495103/EG0259E/0074/BF;;;PLAZA EUROPA Nº 18, GALERIES SANT LLUIS PLANTA 3 ESCALERA 2 APARTAMENTO D-3;;No;;Castell-Platja d'Aro;;;
SUBASTA SUB-JA-2019-11980;Lote 1;;;No consta;;;17003;No consta;;;;;;;Gerona;Finca: 21824: tomo 2550, libro 374, folio 187 Registro de la Propiedad, nª 2 de Girona;;5268416DG8456G0003ZQ;;;Joan Regla Nº 13 , 2º pta única;;;;Girona;;;
SUBASTA SUB-JA-2017-62110;Lote 1;;;No consta;;;17200;No consta;;;;;1;Sin tramos;Gerona;PARCELA TERRENO ;;;33.900,00 €;Sin puja mínima;EL BRUGUEROL;;;678.000,00 €;PALAFRUGELL;;;
SUBASTA SUB-JA-2017-62110;Lote 2;;;No consta;;;17200;No consta;;;;;1;Sin tramos;Gerona;PARCELA TERRNO;;;42.500,00 €;Sin puja mínima;EL BRUGUEROL;;;850.000,00 €;PALAFRUGELL;;;
SUBASTA SUB-JA-2017-62110;Lote 3;;;No consta;;;17200;No consta;;;;;1;Sin tramos;Gerona;PARCELA TERRENO;;;36.325,00 €;Sin puja mínima;EL BRUGUEROL;;;726.500,00 €;PALAFRUGELL;;;
SUBASTA SUB-JA-2017-62110;Lote 4;;;No consta;;;17200;No consta;;;;;1;Sin tramos;Gerona;PARCELA TERRENO;;;35.575,00 €;Sin puja mínima;EL BRUGUEROL;;;711.500,00 €;PALAFRUGELL;;;
SUBASTA SUB-JA-2017-62110;Lote 5;;;No consta;;;17200;No consta;;;;;1;Sin tramos;Gerona;PARCELA TERRNO;;;33.900,00 €;Sin puja mínima;EL BRUGUEROL;;;678.000,00 €;PALAFRUGELL;;;
SUBASTA SUB-JA-2017-62110;Lote 6;;;No consta;;;17200;No consta;;;;;1;Sin tramos;Gerona;PARCELA TERRENO;;;33.900,00 €;Sin puja mínima;EL BRUGUEROL;;;678.000,00 €;PALAFRUGELL;;;
SUBASTA SUB-JA-2017-62110;Lote 7;;;No consta;;;17200;No consta;;;;;1;Sin tramos;Gerona;PARCELA TERRNO;;;33.900,00 €;Sin puja mínima;EL BRUGUEROL;;;678.000,00 €;PALAFRUGELL;;;
SUBASTA SUB-JA-2017-62110;Lote 8;;;No consta;;;17200;No consta;;;;;1;Sin tramos;Gerona;PARCELA TERRENO;;;45.350,00 €;Sin puja mínima;EL BRUGUEROL;;;907.000,00 €;PALAFRUGELL;;;
SUBASTA SUB-JA-2017-62110;Lote 9;;;No consta;;;17200;No consta;;;;;1;Sin tramos;Gerona;PARCELA TERRENO;;;30.925,00 €;Sin puja mínima;EL BRUGUEROL;;;618.500,00 €;PALAFRUGELL;;;
SUBASTA SUB-JA-2017-62110;Lote 10;;;No consta;;;17200;No consta;;;;;1;Sin tramos;Gerona;PARCELA TERRENO;;;127.450,00 €;Sin puja mínima;EL BRUGUEROL;;;2.549.000,00 €;PALAFRUGELL;;;
SUBASTA SUB-JA-2017-62110;Lote 11;;;No consta;;;17200;No consta;;;;;1;Sin tramos;Gerona;PARCELA TERRENO;;;23.500,00 €;Sin puja mínima;EL BRUGUEROL;;;470.000,00 €;PALAFRUGELL;;;
SUBASTA SUB-JA-2017-62110;Lote 12;;;No consta;;;17200;No consta;;;;;1;Sin tramos;Gerona;PARCELA TERRNO;;;22.775,00 €;Sin puja mínima;EL BRUGUEROL;;;455.500,00 €;PALAFRUGELL;;;
SUBASTA SUB-JA-2019-11691;Lote 1;;;No consta;;;17240;No consta;;;;;;;Gerona;URBANA. CASA de planta baja y un piso con una pequeña azotea, señalada de número quince de superficie, en junto, cincuenta y siete metros, cincuenta decímetros treinta centímetros cuadrados, de los que lo edificado ocupa treinta metros cuadrados, situada en la calle de San Pedro de la villa de Llagostera. Linda: Este, espalda, calle del Frio, Sur, izquierda, Dolores Marqués, Oeste, frente, con la citada calle de San Pedro, y Norte, con resto de finca. Procedencia: SEGREGACION;;1109506/DG9310N/0001/PB;;;C/ Sant Pere, 15;;No;;Llagostera;;Los que constan en cetificación de cargas en formado pdf;
SUBASTA SUB-JA-2019-12007;Lote 1;;;No consta;;;17220;No consta;;;;;;;Gerona;vivienda de 85m2;;2364120EG0226S0002LS;;;calle Miquel Suris 39 2;;;;Sant Feliu de Guíxols;;;
SUBASTA SUB-JA-2018-9117;Lote 1;;;No consta;;;17486;No consta;;;;;;;Gerona;Vivienda unifamiliar en c/ Pastelles, 5, urb. Castellonou, de Castelló d'Empuries;;;;;c/ Pastelles, 5;;No;;Castelló d'Empúries;;;
SUBASTA SUB-JA-2018-112764;Lote 1;;;No;;;17002;No consta;;;;;1;Sin tramos;Gerona;según certificacion;;;10.871,08 €;Sin puja mínima;ctra barcelona 34 1º 3º EDIFICO GERUNDA;;No;217.421,60 €;GIRONA;;;
SUBASTA SUB-JA-2018-112764;Lote 2;;;No;;;17002;No consta;;;;;1;Sin tramos;Gerona;SEGUN CERTIFICACION;;;11.276,50 €;Sin puja mínima;ctra barcelona 34 4º 3º EDIFICIO GERUNDA;;No;225.530,00 €;GIRONA;;;
SUBASTA SUB-JA-2018-112764;Lote 3;;;No consta;;;17002;No consta;;;;;1;Sin tramos;Gerona;SEGUN CERTIFICACION REGISTRAL;;;11.489,14 €;Sin puja mínima;ctra Barcelona 34  4º 5º EDIFCIO GERUNDA;;No;229.782,88 €;GIRONA;;;
SUBASTA SUB-JA-2019-11855;Lote 1;;;No consta;Inscrita en el Registro de la Propiedad núm. 2 de Roses, al Tomo 1766, Libro 59, folio             230, finca núm. 3449, inscripción 1ª.;;17490;No consta;;;;;;;Gerona;FINCA REGISTRAL núm. 3449             ENTIDAD URBANA.- Núm. 1 de orden.- Apartament o piso ubicado a la izquiera             entrando de la planta baja del edificio sito en el término municipal de Llançà, territorio             Fané y urbanización conocida por Super Fané, en c/de la urbanización, que consta de             cocina-comedor estar, un dormitorioa, aseo y lavadero, de superficie, 32 M2.;;;;;Urb. Super Fané, c/Urbanización;;No;;Llançà;;;
SUBASTA SUB-JA-2019-117437;Lote 1;;;No consta;;;17800;No consta;;;;;1;2.330,64 €;Gerona;Local-almacen, planta baja, c/ Rei Martí l'Humà, nº 8- 83,61 m2 construidos;;;5.826,60 €;Sin puja mínima;c/Rei Martí l'Humà, 8 , bajos;;;116.532,00 €;Olot;;;
SUBASTA SUB-JA-2019-117437;Lote 2;;;No consta;;;17800;No consta;;;;;1;2.836,04 €;Gerona;vivienda 1ª planta - 101,50 m2 construidos;;;7.090,10 €;Sin puja mínima;c/ Rei Martí l'Humà, 8, 1º;;;141.802,00 €;Olot;;;
SUBASTA SUB-JA-2019-117437;Lote 3;;;No consta;;;17800;No consta;;;;;1;2.583,32 €;Gerona;Vivienda planta 2ª - 92,50 m2;;;6.458,30 €;Sin puja mínima;c/ Rei Martí l'Humà, 8, 2º;;;129.166,00 €;Olot;;;
SUBASTA SUB-JA-2019-11899;Lote 1;;;No consta;;;17300;No consta;;;;;;;Gerona;finca especial número tres vivienda puerta primera, situada en la planta baja del edificio número siete de la calle Pirineos de Blanes.              Inscrita en el Registro de la Propiedad de Blanes, al tomo 2240, libro 403, folio 2 finca 20527 .             ;;;;;C/ Pirineos, núm. 7 bajos 1ª Blanes;;Sí;;Blanes;;;
SUBASTA SUB-JA-2018-111344;Lote 1;;;No consta;;;17005;Ocupantes con derecho de permanencia;;;;;1;5.497,78 €;Gerona;URBANA. cuarente y tres.Planta ático Puerta B con acceso por la escalera 8 del edificio Bloque D, situado en la Ciudad de Girona, con frente a la calle Empúries y formando chanflàn con la calle Bilbao, destinada a vivienda unifamiliar.;;;13.744,44 €;Sin puja mínima;c/ Empúries ,33-atico B;;;274.888,80 €;GIRONA;;;
SUBASTA SUB-JA-2018-111344;Lote 2;;;No consta;;;17005;No consta;;;;;1;228,15 €;Gerona;Plaza aparcamiento nº37, local situado planta sótano del edificiosito en Girona, con frente calle Empúries, número 37-39 de girona;;;570,38 €;Sin puja mínima;C/ Empúries,37-39;;;11.407,50 €;GIRONA;;;
SUBASTA SUB-JA-2019-117637;Lote 1;;;No consta;;;17410;No consta;;;;17018000723522;1;2.096,00 €;Gerona;PORCION DE TERRENO, sito en el termino de Sils, sector la Barceloneta, parcel·la de edificación privada, señalada con el número NOVENTA Y NUEVE, destinada a edificación unifamiliar aislada;;;5.240,00 €;Sin puja mínima;Sector la Barceloneta de Sils (Girona),parcela 99;;No;104.800,00 €;Sils;;;
SUBASTA SUB-JA-2019-117637;Lote 2;;;No consta;;;17410;No consta;;;;17018000713080;1;2.402,00 €;Gerona;URBANA: Casa sita en Sils, Plaza de la Estación, número 2 , de bajos y un piso;;;6.005,00 €;Sin puja mínima;Plaza Estación nº2 ;;No;120.100,00 €;SILS;;;
SUBASTA SUB-JA-2019-117637;Lote 3;;;No consta;;;17004;No consta;;;;;1;4.226,00 €;Gerona;URBANA: ENTIDAD NÚMERO ONCE. VIVIENDA LETRA "C".TIPO DUPLEX, desarrollada entre las PLANTAS TERCERA Y BAJOCUBIERTA, comunicades entre sí por medio de escalera interior sito entre las calles LA BARCA, donde està señalda con el número 9, y PONS MARTI, donde està señalada con el número 9, del municipio de Girona;;4782107DG8448B0020XB;10.565,00 €;Sin puja mínima;C/La Barca, 9-3º;;No;211.300,00 €;GIRONA;;;
SUBASTA SUB-JC-2019-11792;Lote 1;;;No consta;;;17005;No consta;;;;17012000062407;;;Gerona;FINCA 8 INSCRITA EN EL TOMO 2875, LIBRO 145, FOLIO 157 DEL REGISTRO DE LA PROPIEDAD DE GIRONA. EDIFICIO INDUSTRIAL.;;3575901DG8437F0001HX;;;Travessia de Santa Eugenia 3 de Girona ;;;;Girona;;;
SUBASTA SUB-JA-2019-11761;Lote 1;;;No consta;;;17190;No consta;;;;;;;Gerona;Urbana:Departamento número nueve.Piso entresuelo,puerta tercera,, ubicado en la primera planta alta de la casa ´número catorce de la calle Francesc macià, de Salt;;;;;c/Francesc macià, 17,entresuelo 3ª;;;;SALT;;;
SUBASTA SUB-JA-2019-11868;Lote 1;;;No consta;;;17300;No consta;;;;17028000194628;;;Gerona;Casa unifamiliar sita en la Calle Penedés número 29 de Blanes;;2238309DG8123N0001LU;;;C/ PENEDES Nº 29;;;;Blanes;;Se anexa certificado cargas;
SUBASTA SUB-JA-2019-11708;Lote 1;;;No consta;;;17257;No consta;;;;17007000056808;;;Gerona;local de planta baja de la casa situada en la C/ Llibertat 43 de Torroella de Montgrí que mide 173,60m2;;;;;C/ LLIBERTAT 43 PLANTA BAJA;;;;TORROELLA DE MONTGRÍ;;;
SUBASTA SUB-NE-2019-34591;Lote 1;;;No consta;1104 DE RIELLS;;17404;No consta;;;;;;;Gerona;VIVENDA UNIFAMILIAR;;2996429DG6129N0001JH;;;CALLE COL FORNIC PARCELA 79-80 DE LA URB. BOSCOS DE LA VATLLORIA;;Sí;;Riells i Viabrea;;SIN CARGAS ANTERIORES;
SUBASTA SUB-NE-2019-36565;Lote 1;;;Sí;Tomo 2911,libro 415, folio 100, finca nº 19290;;17220;Sin ocupantes;;;;17017000532288;;;Gerona;Vivienda P.baja nº 16 C/Habana de St Feliu Guixols;;2160802EG0226S0001EA;;;c/ Habana, 16 de Sant Feliu Guixols ( Girona);compraventa;Sí;;Sant Feliu de Guíxols;Superficie útil: 50 m2;1) Hipoteca  BBVA por 76.560 eur capital, 2) Hipoteca BBVA por 14.421,76 eur de capital.;
SUBASTA SUB-JA-2019-11854;Lote 1;;;No consta;;;17252;No consta;;;;17015000081850;;;Gerona;edificio plurifamiliar;;8729101EG0382N0001HP;;;Calle Sant Antoni54;;;;SANT ANTONI DE CALONGE;;;
SUBASTA SUB-JA-2018-10410;Lote 1;;;No consta;;;17820;No consta;;;;;;;Gerona;MITAD INDIVISA. CONSTA DESCRIPCION EN EL DOCUMENTO DE CERTIFICACION DE CARGAS ADJUNTO AL EDICTO;;0635629DG8603N0007ZU;;;CALLE CREU DEL TERME, 20;;;;BANYOLES;1/2 INDIVISA . VIVIENDA UNIFAMILIAR EN CALLE CREU DEL TERME, 20 DE BANYOLES (GIRONA) ;CONSTA EN LA CERTIFICACIÓN DE CARGAS ;
SUBASTA SUB-JC-2019-117408;Lote 1;;;No consta;;;17404;No consta (para más información contactar con el Administrador Concursal Don:IGNACIO MARROQUIN SAGALÉS telefono 93-201.35.11  Email:concursal@bufetemarroquin.com             Los administradores concursales están obligados a facilitar a los interesados toda la información necesaria para conocer el estado real de los bienes.              );;;;;1;1.000,00 €;Gerona;FINCA REGISTRAL Nº 2896 inscrita en el tomo 3393, LIBRO 114 FOLIO 206 DEL REGISTRO DE LA PROPIEDAD DE SANTA COLOMA DE FARNERS;;;24.694,24 €;246.942,41 €;RIELLS I VIABREA;;;493.884,83 €;RIELLS I VIABREA;;;
SUBASTA SUB-JC-2019-117408;Lote 2;;;No consta;;;29620;No consta (para más información contactar con el Administrador Concursal Don:IGNACIO MARROQUIN SAGALÉS telefono 93-201.35.11  Email:concursal@bufetemarroquin.com             Los administradores concursales están obligados a facilitar a los interesados toda la información necesaria para conocer el estado real de los bienes.              );;;;;1;100,00 €;Málaga;FINCA REGISTRAL Nº 38.417, INSCRITA EN EL TOMO 1977, LIBRO 941 FOLIO 216 DEL REGISTRO DE LA PROPIEDAD Nº 3 DE MÁLAGA;;;175,00 €;1,00 €;CALLE JOSÉ SÁNCHEZ RANDO NUM.8 BLOQUE 1 PLANTA -2 PUERTA 67;;;3.500,00 €;TORREMOLINOS;;;
SUBASTA SUB-JC-2019-117408;Lote 3;;;No consta;;;29620;No consta (para más información contactar con el Administrador Concursal Don:IGNACIO MARROQUIN SAGALÉS telefono 93-201.35.11  Email:concursal@bufetemarroquin.com             Los administradores concursales están obligados a facilitar a los interesados toda la información necesaria para conocer el estado real de los bienes.              );;;;;1;100,00 €;Málaga;FINCA REGISTRAL Nº 38.437 INSCRITA EN EL TOMO 1979, LIBRO 943 FOLIO 11 DEL REGISTRO DE LA PROPIEDAD Nº 3 DE MÁLAGA;;;175,00 €;1,00 €;CALLE JOSE SANCHEZ RANDO NUM. 8 BLOQUE 1 PLANTA -3 PUERTA 113;;;3.500,00 €;TORREMOLINOS;;;
SUBASTA SUB-JC-2019-117408;Lote 4;;;No consta;;;08303;No consta (para más información contactar con el Administrador Concursal Don:IGNACIO MARROQUIN SAGALÉS telefono 93-201.35.11  Email:concursal@bufetemarroquin.com             Los administradores concursales están obligados a facilitar a los interesados toda la información necesaria para conocer el estado real de los bienes.              );;;;;1;1.000,00 €;Barcelona;finca registral nº 16.920 inscrita en el tomo 3364, libro 236 folio 161 del Registro de la Propiedad de MATARO;;;5.922,72 €;59.227,23 €;CALLE IRLANDA, 1;;;118.454,46 €;MATARÓ;;;
SUBASTA SUB-JC-2019-117408;Lote 5;;;No consta;;;08304;No consta (para más información contactar con el Administrador Concursal Don:IGNACIO MARROQUIN SAGALÉS telefono 93-201.35.11  Email:concursal@bufetemarroquin.com             Los administradores concursales están obligados a facilitar a los interesados toda la información necesaria para conocer el estado real de los bienes.              );;;;;1;500,00 €;Barcelona;finca registral nº 16.932 inscrita en el tomo 3826, liro 459, folio 25 del Registro de la Propiedad de Mataró;;;3.009,97 €;30.099,74 €;AV.EUROPA 133 ESCALA 6;;;60.199,48 €;MATARÓ;;;
SUBASTA SUB-JC-2019-117408;Lote 6;;;No consta;;;08304;No consta (para más información contactar con el Administrador Concursal Don:IGNACIO MARROQUIN SAGALÉS telefono 93-201.35.11  Email:concursal@bufetemarroquin.com             Los administradores concursales están obligados a facilitar a los interesados toda la información necesaria para conocer el estado real de los bienes.              );;;;;1;1.000,00 €;Barcelona;FINCA REGISTRAL Nº 16.933 inscrita en el tomo 3747, libro 425, folio 144 del Registro de la Propiedad de Mataró.;;;5.237,57 €;52.375,76 €;AVDA.EUROPA, 133 ESCALERA 6;;;104.751,52 €;MATARÓ;;;
SUBASTA SUB-JC-2019-117408;Lote 7;;;No consta;;;08304;No consta (para más información contactar con el Administrador Concursal Don:IGNACIO MARROQUIN SAGALÉS telefono 93-201.35.11  Email:concursal@bufetemarroquin.com             Los administradores concursales están obligados a facilitar a los interesados toda la información necesaria para conocer el estado real de los bienes.              );;;;;1;500,00 €;Barcelona;Finca Registral nº 16.934 inscrita en el tomo 3824, libro 458 folio 210 inscripción 12 DEL REGISTRO DE LA PROPIEDAD DE MATARÓ;;;3.627,72 €;36.277,25 €;AVDA.EUROPA 133 ESCALERA 6;;;72.554,51 €;BARCELONA;;;
SUBASTA SUB-JA-2019-11769;Lote 1;;;No consta;;;17300;No consta;;;;;;;Gerona;VIVIENDA UNIFAMILIAR AISLADA, que consta de tres plantas: PLANTA SOTANO, destinada a garaje, vestíbulo, almacén y sala de máquinas, con una superficie construida de 174,23 m2 y útil de 145,46m2, PLANTA BAJA, destinada a vestíbulo, comedor-estar, cocina, baño, lavadero, despacho y porches, con una superficie construída de 148,78m2 y útil de 142,16m2, y PLANTA PRIMERA, que consta de cuatro dormitorios, vestidor, dos baños, distribuidor, terraza y porche, con una superfice construída de 128,65m2 y útil de 109,87m2. La cubiera es de teja;;;;;c/ arboç, 6 (Urbanización "Residencial Blanes");;Sí;;Blanes;;;
